{ "height":100,
 "layers":[
        {
         "draworder":"topdown",
         "height":0,
         "name":"WORLD",
         "objects":[
                {
                 "height":0,
                 "id":17,
                 "name":"player",
                 "polygon":[
                        {
                         "x":0,
                         "y":0
                        }, 
                        {
                         "x":0,
                         "y":5
                        }, 
                        {
                         "x":5,
                         "y":5
                        }, 
                        {
                         "x":5,
                         "y":0
                        }],
                 "rotation":0,
                 "type":"RESPAWN",
                 "visible":true,
                 "width":0,
                 "x":20,
                 "y":30
                }, 
                {
                 "height":0,
                 "id":20,
                 "name":"WorldSize",
                 "polygon":[
                        {
                         "x":0,
                         "y":0
                        }, 
                        {
                         "x":0,
                         "y":5
                        }, 
                        {
                         "x":5,
                         "y":5
                        }, 
                        {
                         "x":5,
                         "y":0
                        }],
                 "rotation":0,
                 "type":"",
                 "visible":true,
                 "width":0,
                 "x":140,
                 "y":85
                }, 
                {
                 "height":0,
                 "id":249,
                 "name":"",
                 "polygon":[
                        {
                         "x":0,
                         "y":0
                        }, 
                        {
                         "x":5,
                         "y":-5
                        }, 
                        {
                         "x":125,
                         "y":-5
                        }, 
                        {
                         "x":130,
                         "y":0
                        }],
                 "rotation":0,
                 "type":"WALL",
                 "visible":true,
                 "width":0,
                 "x":5,
                 "y":10
                }, 
                {
                 "height":0,
                 "id":250,
                 "name":"",
                 "polygon":[
                        {
                         "x":0,
                         "y":0
                        }, 
                        {
                         "x":5,
                         "y":5
                        }, 
                        {
                         "x":125,
                         "y":5
                        }, 
                        {
                         "x":130,
                         "y":0
                        }],
                 "rotation":0,
                 "type":"WALL",
                 "visible":true,
                 "width":0,
                 "x":5,
                 "y":75
                }, 
                {
                 "height":0,
                 "id":251,
                 "name":"",
                 "polygon":[
                        {
                         "x":0,
                         "y":-20
                        }, 
                        {
                         "x":0,
                         "y":45
                        }, 
                        {
                         "x":5,
                         "y":45
                        }, 
                        {
                         "x":5,
                         "y":-20
                        }],
                 "rotation":0,
                 "type":"WALL",
                 "visible":true,
                 "width":0,
                 "x":130,
                 "y":30
                }, 
                {
                 "height":0,
                 "id":252,
                 "name":"",
                 "polygon":[
                        {
                         "x":0,
                         "y":-20
                        }, 
                        {
                         "x":0,
                         "y":45
                        }, 
                        {
                         "x":5,
                         "y":45
                        }, 
                        {
                         "x":5,
                         "y":-20
                        }],
                 "rotation":0,
                 "type":"WALL",
                 "visible":true,
                 "width":0,
                 "x":5,
                 "y":30
                }, 
                {
                 "height":0,
                 "id":254,
                 "name":"",
                 "polygon":[
                        {
                         "x":0,
                         "y":0
                        }, 
                        {
                         "x":25,
                         "y":0
                        }, 
                        {
                         "x":30,
                         "y":-5
                        }, 
                        {
                         "x":0,
                         "y":-5
                        }],
                 "rotation":0,
                 "type":"WALL",
                 "visible":true,
                 "width":0,
                 "x":10,
                 "y":15
                }, 
                {
                 "height":0,
                 "id":267,
                 "name":"",
                 "polygon":[
                        {
                         "x":0,
                         "y":0
                        }, 
                        {
                         "x":15,
                         "y":0
                        }, 
                        {
                         "x":20,
                         "y":0
                        }, 
                        {
                         "x":20,
                         "y":-5
                        }, 
                        {
                         "x":-5,
                         "y":-5
                        }],
                 "rotation":0,
                 "type":"WALL",
                 "visible":true,
                 "width":0,
                 "x":110,
                 "y":15
                }, 
                {
                 "height":0,
                 "id":271,
                 "name":"",
                 "polygon":[
                        {
                         "x":-5,
                         "y":0
                        }, 
                        {
                         "x":-10,
                         "y":5
                        }, 
                        {
                         "x":-10,
                         "y":0
                        }],
                 "rotation":0,
                 "type":"WALL",
                 "visible":true,
                 "width":0,
                 "x":25,
                 "y":15
                }, 
                {
                 "height":0,
                 "id":304,
                 "name":"",
                 "polygon":[
                        {
                         "x":0,
                         "y":-20
                        }, 
                        {
                         "x":5,
                         "y":-20
                        }, 
                        {
                         "x":5,
                         "y":40
                        }, 
                        {
                         "x":0,
                         "y":40
                        }],
                 "rotation":0,
                 "type":"WALL",
                 "visible":true,
                 "width":0,
                 "x":10,
                 "y":35
                }, 
                {
                 "height":0,
                 "id":305,
                 "name":"",
                 "polygon":[
                        {
                         "x":0,
                         "y":0
                        }, 
                        {
                         "x":115,
                         "y":0
                        }, 
                        {
                         "x":110,
                         "y":5
                        }, 
                        {
                         "x":5,
                         "y":5
                        }],
                 "rotation":0,
                 "type":"KILL",
                 "visible":true,
                 "width":0,
                 "x":15,
                 "y":70
                }, 
                {
                 "height":0,
                 "id":325,
                 "name":"",
                 "polygon":[
                        {
                         "x":0,
                         "y":0
                        }, 
                        {
                         "x":5,
                         "y":5
                        }, 
                        {
                         "x":10,
                         "y":5
                        }, 
                        {
                         "x":15,
                         "y":0
                        }],
                 "rotation":0,
                 "type":"WALL",
                 "visible":true,
                 "width":0,
                 "x":45,
                 "y":10
                }, 
                {
                 "height":0,
                 "id":326,
                 "name":"",
                 "polygon":[
                        {
                         "x":0,
                         "y":0
                        }, 
                        {
                         "x":5,
                         "y":5
                        }, 
                        {
                         "x":10,
                         "y":5
                        }, 
                        {
                         "x":15,
                         "y":0
                        }],
                 "rotation":0,
                 "type":"WALL",
                 "visible":true,
                 "width":0,
                 "x":65,
                 "y":10
                }, 
                {
                 "height":0,
                 "id":327,
                 "name":"",
                 "polygon":[
                        {
                         "x":0,
                         "y":0
                        }, 
                        {
                         "x":5,
                         "y":5
                        }, 
                        {
                         "x":10,
                         "y":5
                        }, 
                        {
                         "x":15,
                         "y":0
                        }],
                 "rotation":0,
                 "type":"WALL",
                 "visible":true,
                 "width":0,
                 "x":85,
                 "y":10
                }, 
                {
                 "height":0,
                 "id":341,
                 "name":"",
                 "polygon":[
                        {
                         "x":0,
                         "y":0
                        }, 
                        {
                         "x":5,
                         "y":5
                        }, 
                        {
                         "x":0,
                         "y":5
                        }],
                 "rotation":0,
                 "type":"WALL",
                 "visible":true,
                 "width":0,
                 "x":15,
                 "y":70
                }, 
                {
                 "height":0,
                 "id":342,
                 "name":"",
                 "polygon":[
                        {
                         "x":0,
                         "y":0
                        }, 
                        {
                         "x":-5,
                         "y":5
                        }, 
                        {
                         "x":0,
                         "y":5
                        }],
                 "rotation":0,
                 "type":"WALL",
                 "visible":true,
                 "width":0,
                 "x":130,
                 "y":70
                }, 
                {
                 "height":0,
                 "id":343,
                 "name":"",
                 "polygon":[
                        {
                         "x":0,
                         "y":0
                        }, 
                        {
                         "x":20,
                         "y":0
                        }, 
                        {
                         "x":20,
                         "y":5
                        }, 
                        {
                         "x":0,
                         "y":5
                        }],
                 "rotation":0,
                 "type":"NORMAL",
                 "visible":true,
                 "width":0,
                 "x":15,
                 "y":40
                }, 
                {
                 "height":0,
                 "id":344,
                 "name":"",
                 "polygon":[
                        {
                         "x":0,
                         "y":0
                        }, 
                        {
                         "x":0,
                         "y":5
                        }, 
                        {
                         "x":5,
                         "y":5
                        }, 
                        {
                         "x":5,
                         "y":0
                        }],
                 "rotation":0,
                 "type":"NORMAL",
                 "visible":true,
                 "width":0,
                 "x":50,
                 "y":40
                }, 
                {
                 "height":0,
                 "id":345,
                 "name":"",
                 "polygon":[
                        {
                         "x":0,
                         "y":0
                        }, 
                        {
                         "x":0,
                         "y":5
                        }, 
                        {
                         "x":5,
                         "y":5
                        }, 
                        {
                         "x":5,
                         "y":0
                        }],
                 "rotation":0,
                 "type":"NORMAL",
                 "visible":true,
                 "width":0,
                 "x":70,
                 "y":40
                }, 
                {
                 "height":0,
                 "id":346,
                 "name":"",
                 "polygon":[
                        {
                         "x":0,
                         "y":0
                        }, 
                        {
                         "x":0,
                         "y":5
                        }, 
                        {
                         "x":5,
                         "y":5
                        }, 
                        {
                         "x":5,
                         "y":0
                        }],
                 "rotation":0,
                 "type":"NORMAL",
                 "visible":true,
                 "width":0,
                 "x":90,
                 "y":40
                }, 
                {
                 "height":0,
                 "id":347,
                 "name":"",
                 "polygon":[
                        {
                         "x":0,
                         "y":0
                        }, 
                        {
                         "x":0,
                         "y":5
                        }, 
                        {
                         "x":20,
                         "y":5
                        }, 
                        {
                         "x":20,
                         "y":0
                        }],
                 "rotation":0,
                 "type":"NORMAL",
                 "visible":true,
                 "width":0,
                 "x":110,
                 "y":40
                }, 
                {
                 "height":0,
                 "id":348,
                 "name":"",
                 "polygon":[
                        {
                         "x":0,
                         "y":0
                        }, 
                        {
                         "x":-5,
                         "y":5
                        }, 
                        {
                         "x":0,
                         "y":5
                        }],
                 "rotation":0,
                 "type":"NORMAL",
                 "visible":true,
                 "width":0,
                 "x":130,
                 "y":35
                }, 
                {
                 "height":0,
                 "id":349,
                 "name":"",
                 "polygon":[
                        {
                         "x":0,
                         "y":0
                        }, 
                        {
                         "x":5,
                         "y":5
                        }, 
                        {
                         "x":5,
                         "y":0
                        }],
                 "rotation":0,
                 "type":"NORMAL",
                 "visible":true,
                 "width":0,
                 "x":125,
                 "y":15
                }, 
                {
                 "height":0,
                 "id":350,
                 "name":"",
                 "polygon":[
                        {
                         "x":0,
                         "y":0
                        }, 
                        {
                         "x":0,
                         "y":25
                        }, 
                        {
                         "x":5,
                         "y":20
                        }, 
                        {
                         "x":5,
                         "y":5
                        }],
                 "rotation":0,
                 "type":"WIN",
                 "visible":true,
                 "width":0,
                 "x":125,
                 "y":15
                }, 
                {
                 "height":0,
                 "id":358,
                 "name":"",
                 "polygon":[
                        {
                         "x":0,
                         "y":0
                        }, 
                        {
                         "x":5,
                         "y":0
                        }, 
                        {
                         "x":5,
                         "y":5
                        }, 
                        {
                         "x":0,
                         "y":5
                        }],
                 "properties":
                    {
                     "SpeedX":0,
                     "SpeedY":4
                    },
                 "propertytypes":
                    {
                     "SpeedX":"int",
                     "SpeedY":"int"
                    },
                 "rotation":0,
                 "type":"SHOOTER",
                 "visible":true,
                 "width":0,
                 "x":40,
                 "y":15
                }, 
                {
                 "height":0,
                 "id":359,
                 "name":"",
                 "polygon":[
                        {
                         "x":0,
                         "y":0
                        }, 
                        {
                         "x":5,
                         "y":0
                        }, 
                        {
                         "x":5,
                         "y":5
                        }, 
                        {
                         "x":0,
                         "y":5
                        }],
                 "properties":
                    {
                     "SpeedX":0,
                     "SpeedY":4
                    },
                 "propertytypes":
                    {
                     "SpeedX":"int",
                     "SpeedY":"int"
                    },
                 "rotation":0,
                 "type":"SHOOTER",
                 "visible":true,
                 "width":0,
                 "x":60,
                 "y":15
                }, 
                {
                 "height":0,
                 "id":360,
                 "name":"",
                 "polygon":[
                        {
                         "x":0,
                         "y":0
                        }, 
                        {
                         "x":5,
                         "y":0
                        }, 
                        {
                         "x":5,
                         "y":5
                        }, 
                        {
                         "x":0,
                         "y":5
                        }],
                 "properties":
                    {
                     "SpeedX":0,
                     "SpeedY":4
                    },
                 "propertytypes":
                    {
                     "SpeedX":"int",
                     "SpeedY":"int"
                    },
                 "rotation":0,
                 "type":"SHOOTER",
                 "visible":true,
                 "width":0,
                 "x":80,
                 "y":15
                }, 
                {
                 "height":0,
                 "id":361,
                 "name":"",
                 "polygon":[
                        {
                         "x":0,
                         "y":0
                        }, 
                        {
                         "x":5,
                         "y":0
                        }, 
                        {
                         "x":5,
                         "y":5
                        }, 
                        {
                         "x":0,
                         "y":5
                        }],
                 "properties":
                    {
                     "SpeedX":0,
                     "SpeedY":4
                    },
                 "propertytypes":
                    {
                     "SpeedX":"int",
                     "SpeedY":"int"
                    },
                 "rotation":0,
                 "type":"SHOOTER",
                 "visible":true,
                 "width":0,
                 "x":100,
                 "y":15
                }],
         "opacity":1,
         "properties":
            {
             "Desc1":"I'm enjoying the new tutorial for the first time",
             "Desc2":"and you ? ",
             "Gravity":10,
             "Name":"TUTORIAL #6",
             "SizeX":140,
             "SizeY":85
            },
         "propertytypes":
            {
             "Desc1":"string",
             "Desc2":"string",
             "Gravity":"int",
             "Name":"string",
             "SizeX":"int",
             "SizeY":"int"
            },
         "type":"objectgroup",
         "visible":true,
         "width":0,
         "x":0,
         "y":0
        }],
 "nextobjectid":362,
 "orientation":"orthogonal",
 "renderorder":"right-down",
 "tileheight":5,
 "tilesets":[],
 "tilewidth":5,
 "version":1,
 "width":100
}