{ "height":100,
 "layers":[
        {
         "draworder":"topdown",
         "height":0,
         "name":"WORLD",
         "objects":[
                {
                 "height":0,
                 "id":20,
                 "name":"",
                 "polygon":[
                        {
                         "x":0,
                         "y":0
                        }, 
                        {
                         "x":0,
                         "y":5
                        }, 
                        {
                         "x":5,
                         "y":5
                        }, 
                        {
                         "x":5,
                         "y":0
                        }],
                 "rotation":0,
                 "type":"WALL",
                 "visible":true,
                 "width":0,
                 "x":140,
                 "y":100
                }, 
                {
                 "height":0,
                 "id":249,
                 "name":"",
                 "polygon":[
                        {
                         "x":0,
                         "y":0
                        }, 
                        {
                         "x":5,
                         "y":-5
                        }, 
                        {
                         "x":125,
                         "y":-5
                        }, 
                        {
                         "x":130,
                         "y":0
                        }],
                 "rotation":0,
                 "type":"WALL",
                 "visible":true,
                 "width":0,
                 "x":5,
                 "y":10
                }, 
                {
                 "height":0,
                 "id":250,
                 "name":"",
                 "polygon":[
                        {
                         "x":0,
                         "y":0
                        }, 
                        {
                         "x":5,
                         "y":5
                        }, 
                        {
                         "x":125,
                         "y":5
                        }, 
                        {
                         "x":130,
                         "y":0
                        }],
                 "rotation":0,
                 "type":"WALL",
                 "visible":true,
                 "width":0,
                 "x":5,
                 "y":90
                }, 
                {
                 "height":0,
                 "id":251,
                 "name":"",
                 "polygon":[
                        {
                         "x":0,
                         "y":-35
                        }, 
                        {
                         "x":0,
                         "y":45
                        }, 
                        {
                         "x":5,
                         "y":45
                        }, 
                        {
                         "x":5,
                         "y":-35
                        }],
                 "rotation":0,
                 "type":"WALL",
                 "visible":true,
                 "width":0,
                 "x":130,
                 "y":45
                }, 
                {
                 "height":0,
                 "id":252,
                 "name":"",
                 "polygon":[
                        {
                         "x":0,
                         "y":-35
                        }, 
                        {
                         "x":0,
                         "y":45
                        }, 
                        {
                         "x":5,
                         "y":45
                        }, 
                        {
                         "x":5,
                         "y":-35
                        }],
                 "rotation":0,
                 "type":"WALL",
                 "visible":true,
                 "width":0,
                 "x":5,
                 "y":45
                }, 
                {
                 "height":0,
                 "id":381,
                 "name":"",
                 "polygon":[
                        {
                         "x":0,
                         "y":0
                        }, 
                        {
                         "x":20,
                         "y":-20
                        }, 
                        {
                         "x":20,
                         "y":0
                        }],
                 "rotation":0,
                 "type":"NORMAL",
                 "visible":true,
                 "width":0,
                 "x":70,
                 "y":85
                }, 
                {
                 "height":0,
                 "id":382,
                 "name":"",
                 "polygon":[
                        {
                         "x":0,
                         "y":0
                        }, 
                        {
                         "x":5,
                         "y":5
                        }, 
                        {
                         "x":30,
                         "y":5
                        }, 
                        {
                         "x":35,
                         "y":0
                        }],
                 "rotation":0,
                 "type":"JUMPER",
                 "visible":true,
                 "width":0,
                 "x":90,
                 "y":85
                }, 
                {
                 "height":0,
                 "id":383,
                 "name":"",
                 "polygon":[
                        {
                         "x":0,
                         "y":0
                        }, 
                        {
                         "x":-5,
                         "y":5
                        }, 
                        {
                         "x":30,
                         "y":5
                        }, 
                        {
                         "x":25,
                         "y":0
                        }],
                 "rotation":0,
                 "type":"WIN",
                 "visible":true,
                 "width":0,
                 "x":95,
                 "y":10
                }, 
                {
                 "height":0,
                 "id":385,
                 "name":"",
                 "polygon":[
                        {
                         "x":0,
                         "y":0
                        }, 
                        {
                         "x":-5,
                         "y":5
                        }, 
                        {
                         "x":0,
                         "y":5
                        }],
                 "rotation":0,
                 "type":"WALL",
                 "visible":true,
                 "width":0,
                 "x":130,
                 "y":85
                }, 
                {
                 "height":0,
                 "id":387,
                 "name":"",
                 "polygon":[
                        {
                         "x":0,
                         "y":0
                        }, 
                        {
                         "x":0,
                         "y":5
                        }, 
                        {
                         "x":80,
                         "y":5
                        }, 
                        {
                         "x":85,
                         "y":0
                        }],
                 "rotation":0,
                 "type":"WALL",
                 "visible":true,
                 "width":0,
                 "x":10,
                 "y":10
                }, 
                {
                 "height":0,
                 "id":389,
                 "name":"",
                 "polygon":[
                        {
                         "x":0,
                         "y":0
                        }, 
                        {
                         "x":5,
                         "y":5
                        }, 
                        {
                         "x":10,
                         "y":5
                        }, 
                        {
                         "x":10,
                         "y":0
                        }],
                 "rotation":0,
                 "type":"WALL",
                 "visible":true,
                 "width":0,
                 "x":120,
                 "y":10
                }, 
                {
                 "height":0,
                 "id":390,
                 "name":"",
                 "polygon":[
                        {
                         "x":0,
                         "y":0
                        }, 
                        {
                         "x":5,
                         "y":0
                        }, 
                        {
                         "x":5,
                         "y":5
                        }, 
                        {
                         "x":-5,
                         "y":5
                        }],
                 "rotation":0,
                 "type":"WALL",
                 "visible":true,
                 "width":0,
                 "x":125,
                 "y":85
                }, 
                {
                 "height":0,
                 "id":391,
                 "name":"",
                 "polygon":[
                        {
                         "x":0,
                         "y":-15
                        }, 
                        {
                         "x":0,
                         "y":55
                        }, 
                        {
                         "x":5,
                         "y":55
                        }, 
                        {
                         "x":5,
                         "y":-15
                        }],
                 "rotation":0,
                 "type":"WALL",
                 "visible":true,
                 "width":0,
                 "x":125,
                 "y":30
                }, 
                {
                 "height":0,
                 "id":392,
                 "name":"",
                 "polygon":[
                        {
                         "x":0,
                         "y":-15
                        }, 
                        {
                         "x":0,
                         "y":55
                        }, 
                        {
                         "x":5,
                         "y":55
                        }, 
                        {
                         "x":5,
                         "y":-15
                        }],
                 "rotation":0,
                 "type":"WALL",
                 "visible":true,
                 "width":0,
                 "x":10,
                 "y":30
                }, 
                {
                 "height":0,
                 "id":395,
                 "name":"player",
                 "polygon":[
                        {
                         "x":0,
                         "y":0
                        }, 
                        {
                         "x":10,
                         "y":10
                        }, 
                        {
                         "x":10,
                         "y":0
                        }, 
                        {
                         "x":0,
                         "y":-10
                        }],
                 "rotation":0,
                 "type":"RESPAWN",
                 "visible":true,
                 "width":0,
                 "x":20,
                 "y":35
                }, 
                {
                 "height":0,
                 "id":399,
                 "name":"",
                 "polygon":[
                        {
                         "x":0,
                         "y":0
                        }, 
                        {
                         "x":-5,
                         "y":5
                        }, 
                        {
                         "x":-25,
                         "y":5
                        }, 
                        {
                         "x":-30,
                         "y":0
                        }],
                 "rotation":0,
                 "type":"KILL",
                 "visible":true,
                 "width":0,
                 "x":65,
                 "y":85
                }, 
                {
                 "height":0,
                 "id":400,
                 "name":"",
                 "polygon":[
                        {
                         "x":0,
                         "y":0
                        }, 
                        {
                         "x":25,
                         "y":0
                        }, 
                        {
                         "x":30,
                         "y":5
                        }, 
                        {
                         "x":-5,
                         "y":5
                        }],
                 "rotation":0,
                 "type":"NORMAL",
                 "visible":true,
                 "width":0,
                 "x":65,
                 "y":85
                }, 
                {
                 "height":0,
                 "id":401,
                 "name":"",
                 "polygon":[
                        {
                         "x":0,
                         "y":0
                        }, 
                        {
                         "x":-5,
                         "y":-5
                        }, 
                        {
                         "x":-30,
                         "y":-5
                        }, 
                        {
                         "x":-30,
                         "y":0
                        }],
                 "rotation":0,
                 "type":"NORMAL",
                 "visible":true,
                 "width":0,
                 "x":40,
                 "y":90
                }],
         "opacity":1,
         "properties":
            {
             "Desc1":"finally the programmer got to work",
             "Desc2":"Good news: Probably I will do the next level :)",
             "Gravity":10,
             "Name":"TUTORIAL #8",
             "SizeX":140,
             "SizeY":100
            },
         "propertytypes":
            {
             "Desc1":"string",
             "Desc2":"string",
             "Gravity":"int",
             "Name":"string",
             "SizeX":"int",
             "SizeY":"int"
            },
         "type":"objectgroup",
         "visible":true,
         "width":0,
         "x":0,
         "y":0
        }],
 "nextobjectid":404,
 "orientation":"orthogonal",
 "renderorder":"right-down",
 "tileheight":5,
 "tilesets":[],
 "tilewidth":5,
 "version":1,
 "width":100
}