{ "height":100,
 "layers":[
        {
         "draworder":"topdown",
         "height":0,
         "name":"WORLD",
         "objects":[
                {
                 "height":0,
                 "id":3,
                 "name":"",
                 "polygon":[
                        {
                         "x":5,
                         "y":0
                        }, 
                        {
                         "x":175,
                         "y":0
                        }, 
                        {
                         "x":180,
                         "y":5
                        }, 
                        {
                         "x":0,
                         "y":5
                        }],
                 "rotation":0,
                 "type":"KILL",
                 "visible":true,
                 "width":0,
                 "x":0,
                 "y":0
                }, 
                {
                 "height":0,
                 "id":4,
                 "name":"",
                 "polygon":[
                        {
                         "x":0,
                         "y":-5
                        }, 
                        {
                         "x":0,
                         "y":90
                        }, 
                        {
                         "x":5,
                         "y":90
                        }, 
                        {
                         "x":5,
                         "y":-5
                        }],
                 "rotation":0,
                 "type":"NORMAL",
                 "visible":true,
                 "width":0,
                 "x":175,
                 "y":10
                }, 
                {
                 "height":0,
                 "id":5,
                 "name":"",
                 "polygon":[
                        {
                         "x":0,
                         "y":-5
                        }, 
                        {
                         "x":0,
                         "y":90
                        }, 
                        {
                         "x":5,
                         "y":90
                        }, 
                        {
                         "x":5,
                         "y":-5
                        }],
                 "rotation":0,
                 "type":"NORMAL",
                 "visible":true,
                 "width":0,
                 "x":0,
                 "y":10
                }, 
                {
                 "height":0,
                 "id":6,
                 "name":"",
                 "polygon":[
                        {
                         "x":0,
                         "y":0
                        }, 
                        {
                         "x":5,
                         "y":5
                        }, 
                        {
                         "x":175,
                         "y":5
                        }, 
                        {
                         "x":180,
                         "y":0
                        }],
                 "rotation":0,
                 "type":"WALL",
                 "visible":true,
                 "width":0,
                 "x":0,
                 "y":100
                }, 
                {
                 "height":0,
                 "id":17,
                 "name":"player",
                 "polygon":[
                        {
                         "x":0,
                         "y":-5
                        }, 
                        {
                         "x":0,
                         "y":0
                        }, 
                        {
                         "x":5,
                         "y":0
                        }, 
                        {
                         "x":5,
                         "y":-5
                        }],
                 "properties":
                    {
                     "JumpForce":22
                    },
                 "propertytypes":
                    {
                     "JumpForce":"float"
                    },
                 "rotation":0,
                 "type":"RESPAWN",
                 "visible":true,
                 "width":0,
                 "x":10,
                 "y":20
                }, 
                {
                 "height":0,
                 "id":38,
                 "name":"",
                 "polygon":[
                        {
                         "x":5,
                         "y":0
                        }, 
                        {
                         "x":40,
                         "y":0
                        }, 
                        {
                         "x":40,
                         "y":-5
                        }, 
                        {
                         "x":0,
                         "y":-5
                        }],
                 "rotation":0,
                 "type":"NORMAL",
                 "visible":true,
                 "width":0,
                 "x":120,
                 "y":10
                }, 
                {
                 "height":0,
                 "id":44,
                 "name":"",
                 "polygon":[
                        {
                         "x":0,
                         "y":0
                        }, 
                        {
                         "x":0,
                         "y":5
                        }, 
                        {
                         "x":15,
                         "y":5
                        }, 
                        {
                         "x":15,
                         "y":0
                        }],
                 "rotation":0,
                 "type":"KILL",
                 "visible":true,
                 "width":0,
                 "x":105,
                 "y":30
                }, 
                {
                 "height":0,
                 "id":45,
                 "name":"",
                 "polygon":[
                        {
                         "x":0,
                         "y":0
                        }, 
                        {
                         "x":-15,
                         "y":0
                        }, 
                        {
                         "x":-15,
                         "y":-5
                        }, 
                        {
                         "x":0,
                         "y":-5
                        }],
                 "rotation":0,
                 "type":"KILL",
                 "visible":true,
                 "width":0,
                 "x":90,
                 "y":35
                }, 
                {
                 "height":0,
                 "id":46,
                 "name":"",
                 "polygon":[
                        {
                         "x":0,
                         "y":0
                        }, 
                        {
                         "x":-15,
                         "y":0
                        }, 
                        {
                         "x":-15,
                         "y":-5
                        }, 
                        {
                         "x":0,
                         "y":-5
                        }],
                 "rotation":0,
                 "type":"KILL",
                 "visible":true,
                 "width":0,
                 "x":60,
                 "y":35
                }, 
                {
                 "height":0,
                 "id":47,
                 "name":"",
                 "polygon":[
                        {
                         "x":0,
                         "y":0
                        }, 
                        {
                         "x":0,
                         "y":5
                        }, 
                        {
                         "x":15,
                         "y":5
                        }, 
                        {
                         "x":15,
                         "y":0
                        }],
                 "rotation":0,
                 "type":"NORMAL",
                 "visible":true,
                 "width":0,
                 "x":90,
                 "y":30
                }, 
                {
                 "height":0,
                 "id":48,
                 "name":"",
                 "polygon":[
                        {
                         "x":0,
                         "y":0
                        }, 
                        {
                         "x":-15,
                         "y":0
                        }, 
                        {
                         "x":-15,
                         "y":-5
                        }, 
                        {
                         "x":0,
                         "y":-5
                        }],
                 "rotation":0,
                 "type":"NORMAL",
                 "visible":true,
                 "width":0,
                 "x":75,
                 "y":35
                }, 
                {
                 "height":0,
                 "id":49,
                 "name":"",
                 "polygon":[
                        {
                         "x":0,
                         "y":0
                        }, 
                        {
                         "x":-40,
                         "y":0
                        }, 
                        {
                         "x":-40,
                         "y":-5
                        }, 
                        {
                         "x":0,
                         "y":-5
                        }],
                 "rotation":0,
                 "type":"NORMAL",
                 "visible":true,
                 "width":0,
                 "x":45,
                 "y":35
                }, 
                {
                 "height":0,
                 "id":52,
                 "name":"",
                 "polygon":[
                        {
                         "x":0,
                         "y":0
                        }, 
                        {
                         "x":-15,
                         "y":15
                        }, 
                        {
                         "x":-30,
                         "y":15
                        }, 
                        {
                         "x":-30,
                         "y":0
                        }],
                 "rotation":0,
                 "type":"NORMAL",
                 "visible":true,
                 "width":0,
                 "x":35,
                 "y":35
                }, 
                {
                 "height":0,
                 "id":58,
                 "name":"",
                 "polygon":[
                        {
                         "x":0,
                         "y":0
                        }, 
                        {
                         "x":0,
                         "y":5
                        }, 
                        {
                         "x":15,
                         "y":5
                        }, 
                        {
                         "x":15,
                         "y":0
                        }],
                 "rotation":0,
                 "type":"NORMAL",
                 "visible":true,
                 "width":0,
                 "x":60,
                 "y":55
                }, 
                {
                 "height":0,
                 "id":59,
                 "name":"",
                 "polygon":[
                        {
                         "x":0,
                         "y":0
                        }, 
                        {
                         "x":0,
                         "y":5
                        }, 
                        {
                         "x":15,
                         "y":5
                        }, 
                        {
                         "x":15,
                         "y":0
                        }],
                 "rotation":0,
                 "type":"NORMAL",
                 "visible":true,
                 "width":0,
                 "x":75,
                 "y":60
                }, 
                {
                 "height":0,
                 "id":60,
                 "name":"",
                 "polygon":[
                        {
                         "x":0,
                         "y":0
                        }, 
                        {
                         "x":0,
                         "y":5
                        }, 
                        {
                         "x":15,
                         "y":5
                        }, 
                        {
                         "x":15,
                         "y":0
                        }],
                 "rotation":0,
                 "type":"NORMAL",
                 "visible":true,
                 "width":0,
                 "x":90,
                 "y":55
                }, 
                {
                 "height":0,
                 "id":61,
                 "name":"",
                 "polygon":[
                        {
                         "x":0,
                         "y":0
                        }, 
                        {
                         "x":0,
                         "y":5
                        }, 
                        {
                         "x":15,
                         "y":5
                        }, 
                        {
                         "x":15,
                         "y":0
                        }],
                 "rotation":0,
                 "type":"NORMAL",
                 "visible":true,
                 "width":0,
                 "x":105,
                 "y":60
                }, 
                {
                 "height":0,
                 "id":62,
                 "name":"",
                 "polygon":[
                        {
                         "x":0,
                         "y":0
                        }, 
                        {
                         "x":0,
                         "y":5
                        }, 
                        {
                         "x":20,
                         "y":5
                        }, 
                        {
                         "x":20,
                         "y":0
                        }],
                 "rotation":0,
                 "type":"JUMPER",
                 "visible":true,
                 "width":0,
                 "x":120,
                 "y":55
                }, 
                {
                 "height":0,
                 "id":63,
                 "name":"",
                 "polygon":[
                        {
                         "x":0,
                         "y":0
                        }, 
                        {
                         "x":0,
                         "y":45
                        }, 
                        {
                         "x":5,
                         "y":45
                        }, 
                        {
                         "x":5,
                         "y":0
                        }],
                 "rotation":0,
                 "type":"NORMAL",
                 "visible":true,
                 "width":0,
                 "x":140,
                 "y":55
                }, 
                {
                 "height":0,
                 "id":69,
                 "name":"",
                 "polygon":[
                        {
                         "x":0,
                         "y":0
                        }, 
                        {
                         "x":15,
                         "y":0
                        }, 
                        {
                         "x":15,
                         "y":-5
                        }, 
                        {
                         "x":0,
                         "y":-5
                        }],
                 "rotation":0,
                 "type":"JUMPER",
                 "visible":true,
                 "width":0,
                 "x":160,
                 "y":10
                }, 
                {
                 "height":0,
                 "id":71,
                 "name":"",
                 "polygon":[
                        {
                         "x":0,
                         "y":0
                        }, 
                        {
                         "x":0,
                         "y":5
                        }, 
                        {
                         "x":10,
                         "y":5
                        }, 
                        {
                         "x":15,
                         "y":0
                        }],
                 "rotation":0,
                 "type":"NORMAL",
                 "visible":true,
                 "width":0,
                 "x":5,
                 "y":5
                }, 
                {
                 "height":0,
                 "id":73,
                 "name":"",
                 "polygon":[
                        {
                         "x":0,
                         "y":0
                        }, 
                        {
                         "x":-5,
                         "y":0
                        }, 
                        {
                         "x":-5,
                         "y":5
                        }, 
                        {
                         "x":0,
                         "y":5
                        }],
                 "properties":
                    {
                     "SpeedX":-8,
                     "SpeedY":0
                    },
                 "propertytypes":
                    {
                     "SpeedX":"int",
                     "SpeedY":"int"
                    },
                 "rotation":0,
                 "type":"SHOOTER",
                 "visible":true,
                 "width":0,
                 "x":140,
                 "y":70
                }, 
                {
                 "height":0,
                 "id":75,
                 "name":"",
                 "polygon":[
                        {
                         "x":0,
                         "y":0
                        }, 
                        {
                         "x":0,
                         "y":55
                        }, 
                        {
                         "x":-5,
                         "y":55
                        }, 
                        {
                         "x":-5,
                         "y":0
                        }],
                 "rotation":0,
                 "type":"NORMAL",
                 "visible":true,
                 "width":0,
                 "x":160,
                 "y":20
                }, 
                {
                 "height":0,
                 "id":76,
                 "name":"",
                 "polygon":[
                        {
                         "x":0,
                         "y":0
                        }, 
                        {
                         "x":0,
                         "y":5
                        }, 
                        {
                         "x":35,
                         "y":5
                        }, 
                        {
                         "x":35,
                         "y":0
                        }],
                 "rotation":0,
                 "type":"NORMAL",
                 "visible":true,
                 "width":0,
                 "x":120,
                 "y":30
                }, 
                {
                 "height":0,
                 "id":77,
                 "name":"",
                 "polygon":[
                        {
                         "x":0,
                         "y":0
                        }, 
                        {
                         "x":0,
                         "y":5
                        }, 
                        {
                         "x":-15,
                         "y":5
                        }, 
                        {
                         "x":-15,
                         "y":0
                        }],
                 "rotation":0,
                 "type":"NORMAL",
                 "visible":true,
                 "width":0,
                 "x":60,
                 "y":60
                }, 
                {
                 "height":0,
                 "id":78,
                 "name":"",
                 "polygon":[
                        {
                         "x":0,
                         "y":0
                        }, 
                        {
                         "x":0,
                         "y":-5
                        }, 
                        {
                         "x":-10,
                         "y":-5
                        }, 
                        {
                         "x":-10,
                         "y":0
                        }],
                 "rotation":0,
                 "type":"NORMAL",
                 "visible":true,
                 "width":0,
                 "x":45,
                 "y":60
                }, 
                {
                 "height":0,
                 "id":82,
                 "name":"",
                 "polygon":[
                        {
                         "x":0,
                         "y":0
                        }, 
                        {
                         "x":-15,
                         "y":0
                        }, 
                        {
                         "x":-15,
                         "y":5
                        }, 
                        {
                         "x":0,
                         "y":5
                        }],
                 "rotation":0,
                 "type":"WIN",
                 "visible":true,
                 "width":0,
                 "x":140,
                 "y":95
                }, 
                {
                 "height":0,
                 "id":84,
                 "name":"",
                 "polygon":[
                        {
                         "x":0,
                         "y":0
                        }, 
                        {
                         "x":0,
                         "y":5
                        }, 
                        {
                         "x":5,
                         "y":5
                        }, 
                        {
                         "x":5,
                         "y":0
                        }],
                 "rotation":0,
                 "type":"WALL",
                 "visible":true,
                 "width":0,
                 "x":120,
                 "y":95
                }],
         "opacity":1,
         "properties":
            {
             "Desc1":"i broke the game, but thanks to this, i made good level",
             "Desc2":"What am I doing here? .. what if i change this?",
             "Gravity":-10,
             "Name":"inverted gravity",
             "SizeX":185,
             "SizeY":105
            },
         "propertytypes":
            {
             "Desc1":"string",
             "Desc2":"string",
             "Gravity":"int",
             "Name":"string",
             "SizeX":"int",
             "SizeY":"int"
            },
         "type":"objectgroup",
         "visible":true,
         "width":0,
         "x":0,
         "y":0
        }],
 "nextobjectid":86,
 "orientation":"orthogonal",
 "renderorder":"right-down",
 "tileheight":5,
 "tilesets":[],
 "tilewidth":5,
 "version":1,
 "width":100
}