{ "height":100,
 "layers":[
        {
         "draworder":"topdown",
         "height":0,
         "name":"WORLD",
         "objects":[
                {
                 "height":0,
                 "id":17,
                 "name":"player",
                 "polygon":[
                        {
                         "x":0,
                         "y":0
                        }, 
                        {
                         "x":0,
                         "y":5
                        }, 
                        {
                         "x":5,
                         "y":5
                        }, 
                        {
                         "x":5,
                         "y":0
                        }],
                 "rotation":0,
                 "type":"RESPAWN",
                 "visible":true,
                 "width":0,
                 "x":15,
                 "y":15
                }, 
                {
                 "height":0,
                 "id":20,
                 "name":"WorldSize",
                 "polygon":[
                        {
                         "x":0,
                         "y":0
                        }, 
                        {
                         "x":0,
                         "y":5
                        }, 
                        {
                         "x":5,
                         "y":5
                        }, 
                        {
                         "x":5,
                         "y":0
                        }],
                 "rotation":0,
                 "type":"",
                 "visible":true,
                 "width":0,
                 "x":85,
                 "y":180
                }, 
                {
                 "height":0,
                 "id":65,
                 "name":"",
                 "polygon":[
                        {
                         "x":0,
                         "y":0
                        }, 
                        {
                         "x":65,
                         "y":0
                        }, 
                        {
                         "x":65,
                         "y":-5
                        }, 
                        {
                         "x":0,
                         "y":-5
                        }],
                 "rotation":0,
                 "type":"WALL",
                 "visible":true,
                 "width":0,
                 "x":10,
                 "y":10
                }, 
                {
                 "height":0,
                 "id":66,
                 "name":"",
                 "polygon":[
                        {
                         "x":0,
                         "y":0
                        }, 
                        {
                         "x":5,
                         "y":5
                        }, 
                        {
                         "x":5,
                         "y":165
                        }, 
                        {
                         "x":0,
                         "y":165
                        }],
                 "rotation":0,
                 "type":"WALL",
                 "visible":true,
                 "width":0,
                 "x":75,
                 "y":5
                }, 
                {
                 "height":0,
                 "id":67,
                 "name":"",
                 "polygon":[
                        {
                         "x":0,
                         "y":0
                        }, 
                        {
                         "x":-5,
                         "y":5
                        }, 
                        {
                         "x":-5,
                         "y":165
                        }, 
                        {
                         "x":0,
                         "y":165
                        }],
                 "rotation":0,
                 "type":"WALL",
                 "visible":true,
                 "width":0,
                 "x":10,
                 "y":5
                }, 
                {
                 "height":0,
                 "id":71,
                 "name":"",
                 "polygon":[
                        {
                         "x":0,
                         "y":0
                        }, 
                        {
                         "x":5,
                         "y":5
                        }, 
                        {
                         "x":70,
                         "y":5
                        }, 
                        {
                         "x":75,
                         "y":0
                        }],
                 "rotation":0,
                 "type":"WALL",
                 "visible":true,
                 "width":0,
                 "x":5,
                 "y":170
                }, 
                {
                 "height":0,
                 "id":94,
                 "name":"",
                 "polygon":[
                        {
                         "x":0,
                         "y":0
                        }, 
                        {
                         "x":25,
                         "y":0
                        }, 
                        {
                         "x":25,
                         "y":5
                        }, 
                        {
                         "x":0,
                         "y":5
                        }],
                 "rotation":0,
                 "type":"NORMAL",
                 "visible":true,
                 "width":0,
                 "x":10,
                 "y":25
                }, 
                {
                 "height":0,
                 "id":95,
                 "name":"",
                 "polygon":[
                        {
                         "x":0,
                         "y":0
                        }, 
                        {
                         "x":-25,
                         "y":0
                        }, 
                        {
                         "x":-25,
                         "y":5
                        }, 
                        {
                         "x":0,
                         "y":5
                        }],
                 "rotation":0,
                 "type":"NORMAL",
                 "visible":true,
                 "width":0,
                 "x":75,
                 "y":25
                }, 
                {
                 "height":0,
                 "id":97,
                 "name":"",
                 "polygon":[
                        {
                         "x":0,
                         "y":0
                        }, 
                        {
                         "x":0,
                         "y":5
                        }, 
                        {
                         "x":15,
                         "y":5
                        }, 
                        {
                         "x":15,
                         "y":0
                        }],
                 "rotation":0,
                 "type":"KILL",
                 "visible":true,
                 "width":0,
                 "x":35,
                 "y":45
                }, 
                {
                 "height":0,
                 "id":98,
                 "name":"",
                 "polygon":[
                        {
                         "x":0,
                         "y":0
                        }, 
                        {
                         "x":0,
                         "y":5
                        }, 
                        {
                         "x":-15,
                         "y":5
                        }, 
                        {
                         "x":-15,
                         "y":0
                        }],
                 "rotation":0,
                 "type":"KILL",
                 "visible":true,
                 "width":0,
                 "x":30,
                 "y":65
                }, 
                {
                 "height":0,
                 "id":99,
                 "name":"",
                 "polygon":[
                        {
                         "x":0,
                         "y":0
                        }, 
                        {
                         "x":0,
                         "y":5
                        }, 
                        {
                         "x":15,
                         "y":5
                        }, 
                        {
                         "x":15,
                         "y":0
                        }],
                 "rotation":0,
                 "type":"KILL",
                 "visible":true,
                 "width":0,
                 "x":55,
                 "y":65
                }, 
                {
                 "height":0,
                 "id":100,
                 "name":"",
                 "polygon":[
                        {
                         "x":0,
                         "y":0
                        }, 
                        {
                         "x":0,
                         "y":5
                        }, 
                        {
                         "x":10,
                         "y":5
                        }, 
                        {
                         "x":10,
                         "y":0
                        }],
                 "rotation":0,
                 "type":"KILL",
                 "visible":true,
                 "width":0,
                 "x":25,
                 "y":85
                }, 
                {
                 "height":0,
                 "id":101,
                 "name":"",
                 "polygon":[
                        {
                         "x":0,
                         "y":0
                        }, 
                        {
                         "x":0,
                         "y":5
                        }, 
                        {
                         "x":10,
                         "y":5
                        }, 
                        {
                         "x":10,
                         "y":0
                        }],
                 "rotation":0,
                 "type":"KILL",
                 "visible":true,
                 "width":0,
                 "x":50,
                 "y":85
                }, 
                {
                 "height":0,
                 "id":102,
                 "name":"",
                 "polygon":[
                        {
                         "x":0,
                         "y":0
                        }, 
                        {
                         "x":0,
                         "y":5
                        }, 
                        {
                         "x":5,
                         "y":5
                        }, 
                        {
                         "x":5,
                         "y":0
                        }],
                 "rotation":0,
                 "type":"KILL",
                 "visible":true,
                 "width":0,
                 "x":40,
                 "y":100
                }, 
                {
                 "height":0,
                 "id":103,
                 "name":"",
                 "polygon":[
                        {
                         "x":0,
                         "y":0
                        }, 
                        {
                         "x":0,
                         "y":5
                        }, 
                        {
                         "x":-20,
                         "y":5
                        }, 
                        {
                         "x":-20,
                         "y":0
                        }],
                 "rotation":0,
                 "type":"KILL",
                 "visible":true,
                 "width":0,
                 "x":30,
                 "y":110
                }, 
                {
                 "height":0,
                 "id":104,
                 "name":"",
                 "polygon":[
                        {
                         "x":0,
                         "y":0
                        }, 
                        {
                         "x":0,
                         "y":5
                        }, 
                        {
                         "x":20,
                         "y":5
                        }, 
                        {
                         "x":20,
                         "y":0
                        }],
                 "rotation":0,
                 "type":"KILL",
                 "visible":true,
                 "width":0,
                 "x":55,
                 "y":110
                }, 
                {
                 "height":0,
                 "id":106,
                 "name":"",
                 "polygon":[
                        {
                         "x":0,
                         "y":0
                        }, 
                        {
                         "x":0,
                         "y":5
                        }, 
                        {
                         "x":5,
                         "y":5
                        }, 
                        {
                         "x":5,
                         "y":0
                        }],
                 "rotation":0,
                 "type":"KILL",
                 "visible":true,
                 "width":0,
                 "x":40,
                 "y":125
                }, 
                {
                 "height":0,
                 "id":107,
                 "name":"",
                 "polygon":[
                        {
                         "x":0,
                         "y":0
                        }, 
                        {
                         "x":0,
                         "y":5
                        }, 
                        {
                         "x":10,
                         "y":5
                        }, 
                        {
                         "x":10,
                         "y":0
                        }],
                 "rotation":0,
                 "type":"KILL",
                 "visible":true,
                 "width":0,
                 "x":20,
                 "y":135
                }, 
                {
                 "height":0,
                 "id":110,
                 "name":"",
                 "polygon":[
                        {
                         "x":0,
                         "y":0
                        }, 
                        {
                         "x":0,
                         "y":5
                        }, 
                        {
                         "x":10,
                         "y":5
                        }, 
                        {
                         "x":10,
                         "y":0
                        }],
                 "rotation":0,
                 "type":"KILL",
                 "visible":true,
                 "width":0,
                 "x":55,
                 "y":135
                }, 
                {
                 "height":0,
                 "id":111,
                 "name":"",
                 "polygon":[
                        {
                         "x":0,
                         "y":0
                        }, 
                        {
                         "x":0,
                         "y":5
                        }, 
                        {
                         "x":15,
                         "y":5
                        }, 
                        {
                         "x":15,
                         "y":0
                        }],
                 "rotation":0,
                 "type":"KILL",
                 "visible":true,
                 "width":0,
                 "x":35,
                 "y":150
                }, 
                {
                 "height":0,
                 "id":113,
                 "name":"",
                 "polygon":[
                        {
                         "x":0,
                         "y":0
                        }, 
                        {
                         "x":5,
                         "y":0
                        }, 
                        {
                         "x":5,
                         "y":5
                        }, 
                        {
                         "x":0,
                         "y":5
                        }],
                 "rotation":0,
                 "type":"KILL",
                 "visible":true,
                 "width":0,
                 "x":10,
                 "y":150
                }, 
                {
                 "height":0,
                 "id":114,
                 "name":"",
                 "polygon":[
                        {
                         "x":0,
                         "y":0
                        }, 
                        {
                         "x":-5,
                         "y":0
                        }, 
                        {
                         "x":-5,
                         "y":5
                        }, 
                        {
                         "x":0,
                         "y":5
                        }],
                 "rotation":0,
                 "type":"KILL",
                 "visible":true,
                 "width":0,
                 "x":75,
                 "y":150
                }, 
                {
                 "height":0,
                 "id":115,
                 "name":"",
                 "polygon":[
                        {
                         "x":0,
                         "y":0
                        }, 
                        {
                         "x":5,
                         "y":5
                        }, 
                        {
                         "x":0,
                         "y":5
                        }],
                 "rotation":0,
                 "type":"WALL",
                 "visible":true,
                 "width":0,
                 "x":10,
                 "y":165
                }, 
                {
                 "height":0,
                 "id":116,
                 "name":"",
                 "polygon":[
                        {
                         "x":0,
                         "y":0
                        }, 
                        {
                         "x":-5,
                         "y":5
                        }, 
                        {
                         "x":0,
                         "y":5
                        }],
                 "rotation":0,
                 "type":"WALL",
                 "visible":true,
                 "width":0,
                 "x":75,
                 "y":165
                }, 
                {
                 "height":0,
                 "id":117,
                 "name":"",
                 "polygon":[
                        {
                         "x":0,
                         "y":0
                        }, 
                        {
                         "x":65,
                         "y":0
                        }, 
                        {
                         "x":60,
                         "y":5
                        }, 
                        {
                         "x":5,
                         "y":5
                        }],
                 "rotation":0,
                 "type":"WIN",
                 "visible":true,
                 "width":0,
                 "x":10,
                 "y":165
                }],
         "opacity":1,
         "properties":
            {
             "Desc1":"when i try to create next level. i totaly broken game",
             "Desc2":"but i fund two level in programer's folder 'to hard(not use)'",
             "Gravity":10,
             "Name":"Down Runner",
             "SizeX":85,
             "SizeY":180
            },
         "propertytypes":
            {
             "Desc1":"string",
             "Desc2":"string",
             "Gravity":"int",
             "Name":"string",
             "SizeX":"int",
             "SizeY":"int"
            },
         "type":"objectgroup",
         "visible":true,
         "width":0,
         "x":0,
         "y":0
        }],
 "nextobjectid":118,
 "orientation":"orthogonal",
 "renderorder":"right-down",
 "tileheight":5,
 "tilesets":[],
 "tilewidth":5,
 "version":1,
 "width":100
}