{ "height":500,
 "layers":[
        {
         "draworder":"topdown",
         "height":0,
         "name":"WORLD",
         "objects":[
                {
                 "height":0,
                 "id":2,
                 "name":"SIZE",
                 "polygon":[
                        {
                         "x":0,
                         "y":0
                        }, 
                        {
                         "x":0,
                         "y":1
                        }, 
                        {
                         "x":1,
                         "y":1
                        }, 
                        {
                         "x":1,
                         "y":0
                        }],
                 "rotation":0,
                 "type":"",
                 "visible":true,
                 "width":0,
                 "x":61,
                 "y":33
                }, 
                {
                 "height":0,
                 "id":4,
                 "name":"",
                 "polygon":[
                        {
                         "x":-3,
                         "y":-1
                        }, 
                        {
                         "x":-3,
                         "y":-2
                        }, 
                        {
                         "x":1,
                         "y":-2
                        }, 
                        {
                         "x":1,
                         "y":-1
                        }],
                 "rotation":0,
                 "type":"WALL",
                 "visible":true,
                 "width":0,
                 "x":19,
                 "y":14
                }, 
                {
                 "height":0,
                 "id":6,
                 "name":"",
                 "polygon":[
                        {
                         "x":0,
                         "y":-1
                        }, 
                        {
                         "x":0,
                         "y":-2
                        }, 
                        {
                         "x":4,
                         "y":-2
                        }, 
                        {
                         "x":4,
                         "y":-1
                        }],
                 "rotation":0,
                 "type":"WALL",
                 "visible":true,
                 "width":0,
                 "x":24,
                 "y":14
                }, 
                {
                 "height":0,
                 "id":10,
                 "name":"",
                 "polygon":[
                        {
                         "x":0,
                         "y":-1
                        }, 
                        {
                         "x":0,
                         "y":-2
                        }, 
                        {
                         "x":4,
                         "y":-2
                        }, 
                        {
                         "x":4,
                         "y":-1
                        }],
                 "rotation":0,
                 "type":"WALL",
                 "visible":true,
                 "width":0,
                 "x":40,
                 "y":14
                }, 
                {
                 "height":0,
                 "id":18,
                 "name":"",
                 "polygon":[
                        {
                         "x":0,
                         "y":0
                        }, 
                        {
                         "x":0,
                         "y":-1
                        }, 
                        {
                         "x":6,
                         "y":-1
                        }, 
                        {
                         "x":6,
                         "y":0
                        }],
                 "rotation":0,
                 "type":"RESPAWN",
                 "visible":true,
                 "width":0,
                 "x":9,
                 "y":18
                }, 
                {
                 "height":0,
                 "id":19,
                 "name":"",
                 "polygon":[
                        {
                         "x":0,
                         "y":-1
                        }, 
                        {
                         "x":0,
                         "y":-2
                        }, 
                        {
                         "x":4,
                         "y":-2
                        }, 
                        {
                         "x":4,
                         "y":-1
                        }],
                 "rotation":0,
                 "type":"WALL",
                 "visible":true,
                 "width":0,
                 "x":32,
                 "y":14
                }, 
                {
                 "height":0,
                 "id":20,
                 "name":"",
                 "polygon":[
                        {
                         "x":0,
                         "y":-1
                        }, 
                        {
                         "x":0,
                         "y":-2
                        }, 
                        {
                         "x":4,
                         "y":-2
                        }, 
                        {
                         "x":4,
                         "y":-1
                        }],
                 "rotation":0,
                 "type":"WALL",
                 "visible":true,
                 "width":0,
                 "x":48,
                 "y":14
                }, 
                {
                 "height":0,
                 "id":21,
                 "name":"",
                 "polygon":[
                        {
                         "x":0,
                         "y":9
                        }, 
                        {
                         "x":0,
                         "y":-2
                        }, 
                        {
                         "x":4,
                         "y":-2
                        }, 
                        {
                         "x":4,
                         "y":9
                        }],
                 "rotation":0,
                 "type":"NORMAL",
                 "visible":true,
                 "width":0,
                 "x":32,
                 "y":21
                }, 
                {
                 "height":0,
                 "id":22,
                 "name":"",
                 "polygon":[
                        {
                         "x":0,
                         "y":0
                        }, 
                        {
                         "x":0,
                         "y":-2
                        }, 
                        {
                         "x":4,
                         "y":-2
                        }, 
                        {
                         "x":4,
                         "y":0
                        }],
                 "rotation":0,
                 "type":"NORMAL",
                 "visible":true,
                 "width":0,
                 "x":48,
                 "y":21
                }, 
                {
                 "height":0,
                 "id":23,
                 "name":"",
                 "polygon":[
                        {
                         "x":0,
                         "y":9
                        }, 
                        {
                         "x":0,
                         "y":-2
                        }, 
                        {
                         "x":4,
                         "y":-2
                        }, 
                        {
                         "x":4,
                         "y":9
                        }],
                 "rotation":0,
                 "type":"NORMAL",
                 "visible":true,
                 "width":0,
                 "x":24,
                 "y":21
                }, 
                {
                 "height":0,
                 "id":24,
                 "name":"",
                 "polygon":[
                        {
                         "x":0,
                         "y":9
                        }, 
                        {
                         "x":0,
                         "y":-2
                        }, 
                        {
                         "x":4,
                         "y":-2
                        }, 
                        {
                         "x":4,
                         "y":9
                        }],
                 "rotation":0,
                 "type":"NORMAL",
                 "visible":true,
                 "width":0,
                 "x":40,
                 "y":21
                }, 
                {
                 "height":0,
                 "id":25,
                 "name":"",
                 "polygon":[
                        {
                         "x":-17,
                         "y":0
                        }, 
                        {
                         "x":-17,
                         "y":-2
                        }, 
                        {
                         "x":1,
                         "y":-2
                        }, 
                        {
                         "x":1,
                         "y":0
                        }],
                 "rotation":0,
                 "type":"NORMAL",
                 "visible":true,
                 "width":0,
                 "x":19,
                 "y":21
                }, 
                {
                 "height":0,
                 "id":29,
                 "name":"",
                 "polygon":[
                        {
                         "x":0,
                         "y":0
                        }, 
                        {
                         "x":-2,
                         "y":2
                        }, 
                        {
                         "x":-4,
                         "y":2
                        }, 
                        {
                         "x":-4,
                         "y":0
                        }, 
                        {
                         "x":-2,
                         "y":-2
                        }, 
                        {
                         "x":0,
                         "y":-2
                        }],
                 "rotation":0,
                 "type":"NORMAL",
                 "visible":true,
                 "width":0,
                 "x":16,
                 "y":13
                }, 
                {
                 "height":0,
                 "id":30,
                 "name":"",
                 "polygon":[
                        {
                         "x":0,
                         "y":0
                        }, 
                        {
                         "x":0,
                         "y":9
                        }, 
                        {
                         "x":-2,
                         "y":9
                        }, 
                        {
                         "x":-2,
                         "y":0
                        }],
                 "rotation":0,
                 "type":"WALL",
                 "visible":true,
                 "width":0,
                 "x":52,
                 "y":21
                }, 
                {
                 "height":0,
                 "id":31,
                 "name":"",
                 "polygon":[
                        {
                         "x":0,
                         "y":0
                        }, 
                        {
                         "x":-30,
                         "y":0
                        }, 
                        {
                         "x":-30,
                         "y":2
                        }, 
                        {
                         "x":0,
                         "y":2
                        }],
                 "rotation":0,
                 "type":"KILL",
                 "visible":true,
                 "width":0,
                 "x":50,
                 "y":30
                }, 
                {
                 "height":0,
                 "id":32,
                 "name":"",
                 "polygon":[
                        {
                         "x":0,
                         "y":0
                        }, 
                        {
                         "x":-2,
                         "y":0
                        }, 
                        {
                         "x":-2,
                         "y":-9
                        }, 
                        {
                         "x":0,
                         "y":-9
                        }],
                 "rotation":0,
                 "type":"WALL",
                 "visible":true,
                 "width":0,
                 "x":20,
                 "y":30
                }, 
                {
                 "height":0,
                 "id":33,
                 "name":"",
                 "polygon":[
                        {
                         "x":0,
                         "y":0
                        }, 
                        {
                         "x":-2,
                         "y":-2
                        }, 
                        {
                         "x":-2,
                         "y":-19
                        }, 
                        {
                         "x":0,
                         "y":-21
                        }],
                 "rotation":0,
                 "type":"WALL",
                 "visible":true,
                 "width":0,
                 "x":2,
                 "y":21
                }, 
                {
                 "height":0,
                 "id":34,
                 "name":"",
                 "polygon":[
                        {
                         "x":0,
                         "y":0
                        }, 
                        {
                         "x":50,
                         "y":0
                        }, 
                        {
                         "x":50,
                         "y":2
                        }, 
                        {
                         "x":0,
                         "y":2
                        }],
                 "rotation":0,
                 "type":"WALL",
                 "visible":true,
                 "width":0,
                 "x":2,
                 "y":0
                }, 
                {
                 "height":0,
                 "id":35,
                 "name":"",
                 "polygon":[
                        {
                         "x":0,
                         "y":0
                        }, 
                        {
                         "x":0,
                         "y":13
                        }, 
                        {
                         "x":2,
                         "y":13
                        }, 
                        {
                         "x":2,
                         "y":2
                        }],
                 "rotation":0,
                 "type":"WALL",
                 "visible":true,
                 "width":0,
                 "x":52,
                 "y":0
                }, 
                {
                 "height":0,
                 "id":38,
                 "name":"",
                 "polygon":[
                        {
                         "x":0,
                         "y":0
                        }, 
                        {
                         "x":4,
                         "y":0
                        }, 
                        {
                         "x":6,
                         "y":2
                        }, 
                        {
                         "x":0,
                         "y":2
                        }],
                 "rotation":0,
                 "type":"WALL",
                 "visible":true,
                 "width":0,
                 "x":54,
                 "y":11
                }, 
                {
                 "height":0,
                 "id":39,
                 "name":"",
                 "polygon":[
                        {
                         "x":0,
                         "y":0
                        }, 
                        {
                         "x":0,
                         "y":6
                        }, 
                        {
                         "x":-2,
                         "y":6
                        }, 
                        {
                         "x":-2,
                         "y":0
                        }],
                 "rotation":0,
                 "type":"WALL",
                 "visible":true,
                 "width":0,
                 "x":60,
                 "y":13
                }, 
                {
                 "height":0,
                 "id":40,
                 "name":"",
                 "polygon":[
                        {
                         "x":0,
                         "y":0
                        }, 
                        {
                         "x":-2,
                         "y":2
                        }, 
                        {
                         "x":-8,
                         "y":2
                        }, 
                        {
                         "x":-8,
                         "y":0
                        }],
                 "rotation":0,
                 "type":"NORMAL",
                 "visible":true,
                 "width":0,
                 "x":60,
                 "y":19
                }, 
                {
                 "height":0,
                 "id":43,
                 "name":"",
                 "polygon":[
                        {
                         "x":0,
                         "y":0
                        }, 
                        {
                         "x":2,
                         "y":-2
                        }, 
                        {
                         "x":0,
                         "y":-2
                        }],
                 "rotation":0,
                 "type":"WALL",
                 "visible":true,
                 "width":0,
                 "x":50,
                 "y":32
                }, 
                {
                 "height":0,
                 "id":44,
                 "name":"",
                 "polygon":[
                        {
                         "x":0,
                         "y":0
                        }, 
                        {
                         "x":2,
                         "y":2
                        }, 
                        {
                         "x":2,
                         "y":0
                        }],
                 "rotation":0,
                 "type":"WALL",
                 "visible":true,
                 "width":0,
                 "x":18,
                 "y":30
                }, 
                {
                 "height":0,
                 "id":45,
                 "name":"",
                 "polygon":[
                        {
                         "x":-3,
                         "y":-1
                        }, 
                        {
                         "x":-3,
                         "y":-2
                        }, 
                        {
                         "x":1,
                         "y":-2
                        }, 
                        {
                         "x":1,
                         "y":-1
                        }],
                 "rotation":0,
                 "type":"NORMAL",
                 "visible":true,
                 "width":0,
                 "x":19,
                 "y":13
                }, 
                {
                 "height":0,
                 "id":46,
                 "name":"",
                 "polygon":[
                        {
                         "x":-3,
                         "y":-1
                        }, 
                        {
                         "x":-3,
                         "y":-2
                        }, 
                        {
                         "x":1,
                         "y":-2
                        }, 
                        {
                         "x":1,
                         "y":-1
                        }],
                 "rotation":0,
                 "type":"NORMAL",
                 "visible":true,
                 "width":0,
                 "x":27,
                 "y":13
                }, 
                {
                 "height":0,
                 "id":47,
                 "name":"",
                 "polygon":[
                        {
                         "x":-3,
                         "y":-1
                        }, 
                        {
                         "x":-3,
                         "y":-2
                        }, 
                        {
                         "x":1,
                         "y":-2
                        }, 
                        {
                         "x":1,
                         "y":-1
                        }],
                 "rotation":0,
                 "type":"NORMAL",
                 "visible":true,
                 "width":0,
                 "x":35,
                 "y":13
                }, 
                {
                 "height":0,
                 "id":48,
                 "name":"",
                 "polygon":[
                        {
                         "x":-3,
                         "y":-1
                        }, 
                        {
                         "x":-3,
                         "y":-2
                        }, 
                        {
                         "x":1,
                         "y":-2
                        }, 
                        {
                         "x":1,
                         "y":-1
                        }],
                 "rotation":0,
                 "type":"NORMAL",
                 "visible":true,
                 "width":0,
                 "x":43,
                 "y":13
                }, 
                {
                 "height":0,
                 "id":49,
                 "name":"",
                 "polygon":[
                        {
                         "x":-3,
                         "y":-1
                        }, 
                        {
                         "x":-3,
                         "y":-2
                        }, 
                        {
                         "x":1,
                         "y":-2
                        }, 
                        {
                         "x":1,
                         "y":-1
                        }],
                 "rotation":0,
                 "type":"NORMAL",
                 "visible":true,
                 "width":0,
                 "x":51,
                 "y":13
                }, 
                {
                 "height":0,
                 "id":51,
                 "name":"",
                 "polygon":[
                        {
                         "x":0,
                         "y":0
                        }, 
                        {
                         "x":0,
                         "y":2
                        }, 
                        {
                         "x":2,
                         "y":2
                        }, 
                        {
                         "x":2,
                         "y":0
                        }],
                 "properties":
                    {
                     "SpeedX":0,
                     "SpeedY":-4
                    },
                 "propertytypes":
                    {
                     "SpeedX":"int",
                     "SpeedY":"int"
                    },
                 "rotation":0,
                 "type":"SHOOTER",
                 "visible":true,
                 "width":0,
                 "x":21,
                 "y":27
                }, 
                {
                 "height":0,
                 "id":53,
                 "name":"",
                 "polygon":[
                        {
                         "x":0,
                         "y":0
                        }, 
                        {
                         "x":0,
                         "y":2
                        }, 
                        {
                         "x":2,
                         "y":2
                        }, 
                        {
                         "x":2,
                         "y":0
                        }],
                 "properties":
                    {
                     "SpeedX":0,
                     "SpeedY":-4
                    },
                 "propertytypes":
                    {
                     "SpeedX":"int",
                     "SpeedY":"int"
                    },
                 "rotation":0,
                 "type":"SHOOTER",
                 "visible":true,
                 "width":0,
                 "x":29,
                 "y":27
                }, 
                {
                 "height":0,
                 "id":54,
                 "name":"",
                 "polygon":[
                        {
                         "x":0,
                         "y":0
                        }, 
                        {
                         "x":0,
                         "y":2
                        }, 
                        {
                         "x":2,
                         "y":2
                        }, 
                        {
                         "x":2,
                         "y":0
                        }],
                 "properties":
                    {
                     "SpeedX":0,
                     "SpeedY":-4
                    },
                 "propertytypes":
                    {
                     "SpeedX":"int",
                     "SpeedY":"int"
                    },
                 "rotation":0,
                 "type":"SHOOTER",
                 "visible":true,
                 "width":0,
                 "x":37,
                 "y":27
                }, 
                {
                 "height":0,
                 "id":55,
                 "name":"",
                 "polygon":[
                        {
                         "x":0,
                         "y":0
                        }, 
                        {
                         "x":0,
                         "y":2
                        }, 
                        {
                         "x":2,
                         "y":2
                        }, 
                        {
                         "x":2,
                         "y":0
                        }],
                 "properties":
                    {
                     "SpeedX":0,
                     "SpeedY":-4
                    },
                 "propertytypes":
                    {
                     "SpeedX":"int",
                     "SpeedY":"int"
                    },
                 "rotation":0,
                 "type":"SHOOTER",
                 "visible":true,
                 "width":0,
                 "x":45,
                 "y":27
                }, 
                {
                 "height":0,
                 "id":56,
                 "name":"",
                 "polygon":[
                        {
                         "x":0,
                         "y":0
                        }, 
                        {
                         "x":0,
                         "y":2
                        }, 
                        {
                         "x":2,
                         "y":2
                        }, 
                        {
                         "x":2,
                         "y":0
                        }],
                 "properties":
                    {
                     "SpeedX":0,
                     "SpeedY":4
                    },
                 "propertytypes":
                    {
                     "SpeedX":"int",
                     "SpeedY":"int"
                    },
                 "rotation":0,
                 "type":"SHOOTER",
                 "visible":true,
                 "width":0,
                 "x":21,
                 "y":3
                }, 
                {
                 "height":0,
                 "id":57,
                 "name":"",
                 "polygon":[
                        {
                         "x":0,
                         "y":0
                        }, 
                        {
                         "x":0,
                         "y":2
                        }, 
                        {
                         "x":2,
                         "y":2
                        }, 
                        {
                         "x":2,
                         "y":0
                        }],
                 "properties":
                    {
                     "SpeedX":0,
                     "SpeedY":4
                    },
                 "propertytypes":
                    {
                     "SpeedX":"int",
                     "SpeedY":"int"
                    },
                 "rotation":0,
                 "type":"SHOOTER",
                 "visible":true,
                 "width":0,
                 "x":29,
                 "y":3
                }, 
                {
                 "height":0,
                 "id":58,
                 "name":"",
                 "polygon":[
                        {
                         "x":0,
                         "y":0
                        }, 
                        {
                         "x":0,
                         "y":2
                        }, 
                        {
                         "x":2,
                         "y":2
                        }, 
                        {
                         "x":2,
                         "y":0
                        }],
                 "properties":
                    {
                     "SpeedX":0,
                     "SpeedY":4
                    },
                 "propertytypes":
                    {
                     "SpeedX":"int",
                     "SpeedY":"int"
                    },
                 "rotation":0,
                 "type":"SHOOTER",
                 "visible":true,
                 "width":0,
                 "x":37,
                 "y":3
                }, 
                {
                 "height":0,
                 "id":59,
                 "name":"",
                 "polygon":[
                        {
                         "x":0,
                         "y":0
                        }, 
                        {
                         "x":0,
                         "y":2
                        }, 
                        {
                         "x":2,
                         "y":2
                        }, 
                        {
                         "x":2,
                         "y":0
                        }],
                 "properties":
                    {
                     "SpeedX":0,
                     "SpeedY":4
                    },
                 "propertytypes":
                    {
                     "SpeedX":"int",
                     "SpeedY":"int"
                    },
                 "rotation":0,
                 "type":"SHOOTER",
                 "visible":true,
                 "width":0,
                 "x":45,
                 "y":3
                }, 
                {
                 "height":0,
                 "id":61,
                 "name":"",
                 "polygon":[
                        {
                         "x":0,
                         "y":-2
                        }, 
                        {
                         "x":7,
                         "y":4
                        }, 
                        {
                         "x":0,
                         "y":4
                        }],
                 "rotation":0,
                 "type":"NORMAL",
                 "visible":true,
                 "width":0,
                 "x":2,
                 "y":15
                }, 
                {
                 "height":0,
                 "id":62,
                 "name":"",
                 "polygon":[
                        {
                         "x":0,
                         "y":0
                        }, 
                        {
                         "x":2,
                         "y":0
                        }, 
                        {
                         "x":2,
                         "y":6
                        }, 
                        {
                         "x":0,
                         "y":6
                        }],
                 "rotation":0,
                 "type":"WIN",
                 "visible":true,
                 "width":0,
                 "x":56,
                 "y":13
                }],
         "opacity":1,
         "properties":
            {
             "Desc1":"the last level ... there should be minimum 30,",
             "Desc2":"but the programmer broke everything",
             "Gravity":10,
             "Name":"Impassable",
             "SizeX":61,
             "SizeY":33
            },
         "propertytypes":
            {
             "Desc1":"string",
             "Desc2":"string",
             "Gravity":"int",
             "Name":"string",
             "SizeX":"int",
             "SizeY":"int"
            },
         "type":"objectgroup",
         "visible":true,
         "width":0,
         "x":0,
         "y":0
        }],
 "nextobjectid":64,
 "orientation":"orthogonal",
 "renderorder":"right-down",
 "tileheight":1,
 "tilesets":[],
 "tilewidth":1,
 "version":1,
 "width":500
}