{ "height":100,
 "layers":[
        {
         "draworder":"topdown",
         "height":0,
         "name":"WORLD",
         "objects":[
                {
                 "height":0,
                 "id":3,
                 "name":"",
                 "polygon":[
                        {
                         "x":5,
                         "y":0
                        }, 
                        {
                         "x":120,
                         "y":0
                        }, 
                        {
                         "x":125,
                         "y":5
                        }, 
                        {
                         "x":0,
                         "y":5
                        }],
                 "rotation":0,
                 "type":"NORMAL",
                 "visible":true,
                 "width":0,
                 "x":0,
                 "y":0
                }, 
                {
                 "height":0,
                 "id":4,
                 "name":"",
                 "polygon":[
                        {
                         "x":0,
                         "y":0
                        }, 
                        {
                         "x":0,
                         "y":35
                        }, 
                        {
                         "x":5,
                         "y":35
                        }, 
                        {
                         "x":5,
                         "y":0
                        }],
                 "rotation":0,
                 "type":"NORMAL",
                 "visible":true,
                 "width":0,
                 "x":120,
                 "y":5
                }, 
                {
                 "height":0,
                 "id":5,
                 "name":"",
                 "polygon":[
                        {
                         "x":0,
                         "y":0
                        }, 
                        {
                         "x":0,
                         "y":35
                        }, 
                        {
                         "x":5,
                         "y":35
                        }, 
                        {
                         "x":5,
                         "y":0
                        }],
                 "rotation":0,
                 "type":"NORMAL",
                 "visible":true,
                 "width":0,
                 "x":0,
                 "y":5
                }, 
                {
                 "height":0,
                 "id":6,
                 "name":"",
                 "polygon":[
                        {
                         "x":0,
                         "y":0
                        }, 
                        {
                         "x":5,
                         "y":5
                        }, 
                        {
                         "x":120,
                         "y":5
                        }, 
                        {
                         "x":125,
                         "y":0
                        }],
                 "rotation":0,
                 "type":"NORMAL",
                 "visible":true,
                 "width":0,
                 "x":0,
                 "y":45
                }, 
                {
                 "height":0,
                 "id":7,
                 "name":"",
                 "polygon":[
                        {
                         "x":0,
                         "y":0
                        }, 
                        {
                         "x":0,
                         "y":5
                        }, 
                        {
                         "x":5,
                         "y":0
                        }],
                 "rotation":0,
                 "type":"NORMAL",
                 "visible":true,
                 "width":0,
                 "x":5,
                 "y":5
                }, 
                {
                 "height":0,
                 "id":8,
                 "name":"",
                 "polygon":[
                        {
                         "x":0,
                         "y":0
                        }, 
                        {
                         "x":5,
                         "y":5
                        }, 
                        {
                         "x":5,
                         "y":0
                        }],
                 "rotation":0,
                 "type":"NORMAL",
                 "visible":true,
                 "width":0,
                 "x":115,
                 "y":5
                }, 
                {
                 "height":0,
                 "id":11,
                 "name":"",
                 "polygon":[
                        {
                         "x":0,
                         "y":0
                        }, 
                        {
                         "x":-5,
                         "y":5
                        }, 
                        {
                         "x":0,
                         "y":5
                        }],
                 "rotation":0,
                 "type":"NORMAL",
                 "visible":true,
                 "width":0,
                 "x":120,
                 "y":35
                }, 
                {
                 "height":0,
                 "id":15,
                 "name":"",
                 "polygon":[
                        {
                         "x":0,
                         "y":0
                        }, 
                        {
                         "x":5,
                         "y":5
                        }, 
                        {
                         "x":0,
                         "y":5
                        }],
                 "rotation":0,
                 "type":"NORMAL",
                 "visible":true,
                 "width":0,
                 "x":5,
                 "y":35
                }, 
                {
                 "height":0,
                 "id":16,
                 "name":"",
                 "polygon":[
                        {
                         "x":0,
                         "y":0
                        }, 
                        {
                         "x":0,
                         "y":35
                        }, 
                        {
                         "x":5,
                         "y":35
                        }, 
                        {
                         "x":10,
                         "y":30
                        }, 
                        {
                         "x":10,
                         "y":5
                        }, 
                        {
                         "x":5,
                         "y":0
                        }],
                 "rotation":0,
                 "type":"WIN",
                 "visible":true,
                 "width":0,
                 "x":110,
                 "y":5
                }, 
                {
                 "height":0,
                 "id":17,
                 "name":"player",
                 "polygon":[
                        {
                         "x":0,
                         "y":0
                        }, 
                        {
                         "x":0,
                         "y":5
                        }, 
                        {
                         "x":5,
                         "y":5
                        }, 
                        {
                         "x":5,
                         "y":0
                        }],
                 "properties":
                    {
                     "JumpForce":0
                    },
                 "propertytypes":
                    {
                     "JumpForce":"float"
                    },
                 "rotation":0,
                 "type":"RESPAWN",
                 "visible":true,
                 "width":0,
                 "x":15,
                 "y":30
                }, 
                {
                 "height":0,
                 "id":20,
                 "name":"WorldSize",
                 "polygon":[
                        {
                         "x":0,
                         "y":0
                        }, 
                        {
                         "x":0,
                         "y":5
                        }, 
                        {
                         "x":5,
                         "y":5
                        }, 
                        {
                         "x":5,
                         "y":0
                        }],
                 "rotation":0,
                 "type":"",
                 "visible":true,
                 "width":0,
                 "x":130,
                 "y":55
                }, 
                {
                 "height":0,
                 "id":23,
                 "name":"",
                 "polygon":[
                        {
                         "x":0,
                         "y":0
                        }, 
                        {
                         "x":5,
                         "y":-5
                        }, 
                        {
                         "x":10,
                         "y":0
                        }],
                 "rotation":0,
                 "type":"NORMAL",
                 "visible":true,
                 "width":0,
                 "x":55,
                 "y":40
                }, 
                {
                 "height":0,
                 "id":26,
                 "name":"",
                 "polygon":[
                        {
                         "x":0,
                         "y":0
                        }, 
                        {
                         "x":0,
                         "y":5
                        }, 
                        {
                         "x":70,
                         "y":5
                        }, 
                        {
                         "x":65,
                         "y":0
                        }],
                 "rotation":0,
                 "type":"NORMAL",
                 "visible":true,
                 "width":0,
                 "x":0,
                 "y":40
                }, 
                {
                 "height":0,
                 "id":28,
                 "name":"",
                 "polygon":[
                        {
                         "x":0,
                         "y":0
                        }, 
                        {
                         "x":35,
                         "y":0
                        }, 
                        {
                         "x":30,
                         "y":5
                        }, 
                        {
                         "x":5,
                         "y":5
                        }],
                 "rotation":0,
                 "type":"KILL",
                 "visible":true,
                 "width":0,
                 "x":65,
                 "y":40
                }, 
                {
                 "height":0,
                 "id":30,
                 "name":"",
                 "polygon":[
                        {
                         "x":0,
                         "y":0
                        }, 
                        {
                         "x":25,
                         "y":0
                        }, 
                        {
                         "x":25,
                         "y":5
                        }, 
                        {
                         "x":-5,
                         "y":5
                        }],
                 "rotation":0,
                 "type":"NORMAL",
                 "visible":true,
                 "width":0,
                 "x":100,
                 "y":40
                }],
         "opacity":1,
         "properties":
            {
             "Desc1":"get ready for more tutorials, unfortunately",
             "Desc2":"i hope , that you don't have daltonism ",
             "Gravity":10,
             "Name":"Tutorial #2",
             "SizeX":130,
             "SizeY":55
            },
         "propertytypes":
            {
             "Desc1":"string",
             "Desc2":"string",
             "Gravity":"int",
             "Name":"string",
             "SizeX":"int",
             "SizeY":"int"
            },
         "type":"objectgroup",
         "visible":true,
         "width":0,
         "x":0,
         "y":0
        }],
 "nextobjectid":31,
 "orientation":"orthogonal",
 "renderorder":"right-down",
 "tileheight":5,
 "tilesets":[],
 "tilewidth":5,
 "version":1,
 "width":100
}