{ "height":100,
 "layers":[
        {
         "draworder":"topdown",
         "height":0,
         "name":"WORLD",
         "objects":[
                {
                 "height":0,
                 "id":17,
                 "name":"player",
                 "polygon":[
                        {
                         "x":0,
                         "y":0
                        }, 
                        {
                         "x":0,
                         "y":5
                        }, 
                        {
                         "x":5,
                         "y":5
                        }, 
                        {
                         "x":5,
                         "y":0
                        }],
                 "rotation":0,
                 "type":"RESPAWN",
                 "visible":true,
                 "width":0,
                 "x":15,
                 "y":45
                }, 
                {
                 "height":0,
                 "id":20,
                 "name":"WorldSize",
                 "polygon":[
                        {
                         "x":0,
                         "y":0
                        }, 
                        {
                         "x":0,
                         "y":5
                        }, 
                        {
                         "x":5,
                         "y":5
                        }, 
                        {
                         "x":5,
                         "y":0
                        }],
                 "rotation":0,
                 "type":"",
                 "visible":true,
                 "width":0,
                 "x":110,
                 "y":70
                }, 
                {
                 "height":0,
                 "id":51,
                 "name":"",
                 "polygon":[
                        {
                         "x":0,
                         "y":0
                        }, 
                        {
                         "x":0,
                         "y":5
                        }, 
                        {
                         "x":10,
                         "y":5
                        }, 
                        {
                         "x":10,
                         "y":0
                        }],
                 "rotation":0,
                 "type":"NORMAL",
                 "visible":true,
                 "width":0,
                 "x":30,
                 "y":30
                }, 
                {
                 "height":0,
                 "id":54,
                 "name":"",
                 "polygon":[
                        {
                         "x":-25,
                         "y":0
                        }, 
                        {
                         "x":-25,
                         "y":5
                        }, 
                        {
                         "x":0,
                         "y":5
                        }, 
                        {
                         "x":0,
                         "y":0
                        }],
                 "rotation":0,
                 "type":"NORMAL",
                 "visible":true,
                 "width":0,
                 "x":80,
                 "y":30
                }, 
                {
                 "height":0,
                 "id":57,
                 "name":"",
                 "polygon":[
                        {
                         "x":5,
                         "y":0
                        }, 
                        {
                         "x":-20,
                         "y":0
                        }, 
                        {
                         "x":-15,
                         "y":-5
                        }, 
                        {
                         "x":0,
                         "y":-5
                        }],
                 "rotation":0,
                 "type":"NORMAL",
                 "visible":true,
                 "width":0,
                 "x":80,
                 "y":60
                }, 
                {
                 "height":0,
                 "id":58,
                 "name":"",
                 "polygon":[
                        {
                         "x":5,
                         "y":0
                        }, 
                        {
                         "x":-20,
                         "y":0
                        }, 
                        {
                         "x":-15,
                         "y":-5
                        }, 
                        {
                         "x":0,
                         "y":-5
                        }],
                 "rotation":0,
                 "type":"NORMAL",
                 "visible":true,
                 "width":0,
                 "x":55,
                 "y":60
                }, 
                {
                 "height":0,
                 "id":59,
                 "name":"",
                 "polygon":[
                        {
                         "x":5,
                         "y":0
                        }, 
                        {
                         "x":-20,
                         "y":0
                        }, 
                        {
                         "x":-20,
                         "y":-5
                        }, 
                        {
                         "x":0,
                         "y":-5
                        }],
                 "rotation":0,
                 "type":"NORMAL",
                 "visible":true,
                 "width":0,
                 "x":30,
                 "y":60
                }, 
                {
                 "height":0,
                 "id":61,
                 "name":"",
                 "polygon":[
                        {
                         "x":0,
                         "y":0
                        }, 
                        {
                         "x":-5,
                         "y":0
                        }, 
                        {
                         "x":-10,
                         "y":5
                        }, 
                        {
                         "x":-10,
                         "y":-5
                        }, 
                        {
                         "x":0,
                         "y":-5
                        }],
                 "rotation":0,
                 "type":"NORMAL",
                 "visible":true,
                 "width":0,
                 "x":20,
                 "y":35
                }, 
                {
                 "height":0,
                 "id":62,
                 "name":"",
                 "polygon":[
                        {
                         "x":0,
                         "y":0
                        }, 
                        {
                         "x":-5,
                         "y":-5
                        }, 
                        {
                         "x":-5,
                         "y":0
                        }],
                 "rotation":0,
                 "type":"NORMAL",
                 "visible":true,
                 "width":0,
                 "x":15,
                 "y":30
                }, 
                {
                 "height":0,
                 "id":63,
                 "name":"",
                 "polygon":[
                        {
                         "x":0,
                         "y":0
                        }, 
                        {
                         "x":5,
                         "y":-5
                        }, 
                        {
                         "x":0,
                         "y":-5
                        }],
                 "rotation":0,
                 "type":"NORMAL",
                 "visible":true,
                 "width":0,
                 "x":10,
                 "y":15
                }, 
                {
                 "height":0,
                 "id":65,
                 "name":"",
                 "polygon":[
                        {
                         "x":0,
                         "y":0
                        }, 
                        {
                         "x":90,
                         "y":0
                        }, 
                        {
                         "x":90,
                         "y":-5
                        }, 
                        {
                         "x":0,
                         "y":-5
                        }],
                 "rotation":0,
                 "type":"NORMAL",
                 "visible":true,
                 "width":0,
                 "x":10,
                 "y":10
                }, 
                {
                 "height":0,
                 "id":66,
                 "name":"",
                 "polygon":[
                        {
                         "x":0,
                         "y":0
                        }, 
                        {
                         "x":5,
                         "y":5
                        }, 
                        {
                         "x":5,
                         "y":55
                        }, 
                        {
                         "x":0,
                         "y":55
                        }],
                 "rotation":0,
                 "type":"NORMAL",
                 "visible":true,
                 "width":0,
                 "x":100,
                 "y":5
                }, 
                {
                 "height":0,
                 "id":67,
                 "name":"",
                 "polygon":[
                        {
                         "x":0,
                         "y":0
                        }, 
                        {
                         "x":-5,
                         "y":5
                        }, 
                        {
                         "x":-5,
                         "y":55
                        }, 
                        {
                         "x":0,
                         "y":55
                        }],
                 "rotation":0,
                 "type":"NORMAL",
                 "visible":true,
                 "width":0,
                 "x":10,
                 "y":5
                }, 
                {
                 "height":0,
                 "id":71,
                 "name":"",
                 "polygon":[
                        {
                         "x":0,
                         "y":0
                        }, 
                        {
                         "x":5,
                         "y":5
                        }, 
                        {
                         "x":95,
                         "y":5
                        }, 
                        {
                         "x":100,
                         "y":0
                        }],
                 "rotation":0,
                 "type":"NORMAL",
                 "visible":true,
                 "width":0,
                 "x":5,
                 "y":60
                }, 
                {
                 "height":0,
                 "id":72,
                 "name":"",
                 "polygon":[
                        {
                         "x":0,
                         "y":0
                        }, 
                        {
                         "x":10,
                         "y":0
                        }, 
                        {
                         "x":20,
                         "y":0
                        }, 
                        {
                         "x":20,
                         "y":5
                        }, 
                        {
                         "x":5,
                         "y":5
                        }],
                 "rotation":0,
                 "type":"KILL",
                 "visible":true,
                 "width":0,
                 "x":80,
                 "y":55
                }, 
                {
                 "height":0,
                 "id":73,
                 "name":"",
                 "polygon":[
                        {
                         "x":5,
                         "y":-20
                        }, 
                        {
                         "x":5,
                         "y":5
                        }, 
                        {
                         "x":10,
                         "y":5
                        }, 
                        {
                         "x":10,
                         "y":-20
                        }],
                 "rotation":0,
                 "type":"KILL",
                 "visible":true,
                 "width":0,
                 "x":90,
                 "y":50
                }, 
                {
                 "height":0,
                 "id":74,
                 "name":"",
                 "polygon":[
                        {
                         "x":0,
                         "y":0
                        }, 
                        {
                         "x":5,
                         "y":5
                        }, 
                        {
                         "x":10,
                         "y":0
                        }],
                 "rotation":0,
                 "type":"KILL",
                 "visible":true,
                 "width":0,
                 "x":30,
                 "y":55
                }, 
                {
                 "height":0,
                 "id":76,
                 "name":"",
                 "polygon":[
                        {
                         "x":0,
                         "y":0
                        }, 
                        {
                         "x":5,
                         "y":5
                        }, 
                        {
                         "x":10,
                         "y":0
                        }],
                 "rotation":0,
                 "type":"KILL",
                 "visible":true,
                 "width":0,
                 "x":55,
                 "y":55
                }, 
                {
                 "height":0,
                 "id":77,
                 "name":"",
                 "polygon":[
                        {
                         "x":0,
                         "y":0
                        }, 
                        {
                         "x":-5,
                         "y":5
                        }, 
                        {
                         "x":-5,
                         "y":15
                        }, 
                        {
                         "x":0,
                         "y":20
                        }],
                 "rotation":0,
                 "type":"WIN",
                 "visible":true,
                 "width":0,
                 "x":15,
                 "y":10
                }, 
                {
                 "height":0,
                 "id":79,
                 "name":"",
                 "polygon":[
                        {
                         "x":0,
                         "y":0
                        }, 
                        {
                         "x":5,
                         "y":5
                        }, 
                        {
                         "x":5,
                         "y":10
                        }, 
                        {
                         "x":0,
                         "y":5
                        }],
                 "rotation":0,
                 "type":"NORMAL",
                 "visible":true,
                 "width":0,
                 "x":80,
                 "y":30
                }],
         "opacity":1,
         "properties":
            {
             "Desc1":"It's not over yet ?",
             "Desc2":"it irritates me too ...",
             "Gravity":10,
             "Name":"Tutorial #5",
             "SizeX":110,
             "SizeY":55
            },
         "propertytypes":
            {
             "Desc1":"string",
             "Desc2":"string",
             "Gravity":"int",
             "Name":"string",
             "SizeX":"int",
             "SizeY":"int"
            },
         "type":"objectgroup",
         "visible":true,
         "width":0,
         "x":0,
         "y":0
        }],
 "nextobjectid":81,
 "orientation":"orthogonal",
 "renderorder":"right-down",
 "tileheight":5,
 "tilesets":[],
 "tilewidth":5,
 "version":1,
 "width":100
}