{ "height":100,
 "layers":[
        {
         "draworder":"topdown",
         "height":0,
         "name":"WORLD",
         "objects":[
                {
                 "height":0,
                 "id":17,
                 "name":"player",
                 "polygon":[
                        {
                         "x":0,
                         "y":0
                        }, 
                        {
                         "x":0,
                         "y":5
                        }, 
                        {
                         "x":5,
                         "y":5
                        }, 
                        {
                         "x":5,
                         "y":0
                        }],
                 "rotation":0,
                 "type":"RESPAWN",
                 "visible":true,
                 "width":0,
                 "x":15,
                 "y":15
                }, 
                {
                 "height":0,
                 "id":20,
                 "name":"WorldSize",
                 "polygon":[
                        {
                         "x":0,
                         "y":0
                        }, 
                        {
                         "x":0,
                         "y":5
                        }, 
                        {
                         "x":5,
                         "y":5
                        }, 
                        {
                         "x":5,
                         "y":0
                        }],
                 "rotation":0,
                 "type":"",
                 "visible":true,
                 "width":0,
                 "x":115,
                 "y":75
                }, 
                {
                 "height":0,
                 "id":157,
                 "name":"",
                 "polygon":[
                        {
                         "x":0,
                         "y":0
                        }, 
                        {
                         "x":40,
                         "y":0
                        }, 
                        {
                         "x":40,
                         "y":5
                        }, 
                        {
                         "x":5,
                         "y":5
                        }],
                 "rotation":0,
                 "type":"KILL",
                 "visible":true,
                 "width":0,
                 "x":45,
                 "y":60
                }, 
                {
                 "height":0,
                 "id":158,
                 "name":"",
                 "polygon":[
                        {
                         "x":5,
                         "y":0
                        }, 
                        {
                         "x":10,
                         "y":5
                        }, 
                        {
                         "x":45,
                         "y":5
                        }, 
                        {
                         "x":50,
                         "y":0
                        }],
                 "rotation":0,
                 "type":"KILL",
                 "visible":true,
                 "width":0,
                 "x":45,
                 "y":10
                }, 
                {
                 "height":0,
                 "id":160,
                 "name":"",
                 "polygon":[
                        {
                         "x":0,
                         "y":0
                        }, 
                        {
                         "x":10,
                         "y":-10
                        }, 
                        {
                         "x":15,
                         "y":-10
                        }, 
                        {
                         "x":15,
                         "y":0
                        }],
                 "rotation":0,
                 "type":"NORMAL",
                 "visible":true,
                 "width":0,
                 "x":95,
                 "y":30
                }, 
                {
                 "height":0,
                 "id":164,
                 "name":"",
                 "polygon":[
                        {
                         "x":0,
                         "y":0
                        }, 
                        {
                         "x":-5,
                         "y":0
                        }, 
                        {
                         "x":-5,
                         "y":-5
                        }, 
                        {
                         "x":0,
                         "y":-10
                        }],
                 "rotation":0,
                 "type":"WALL",
                 "visible":true,
                 "width":0,
                 "x":95,
                 "y":70
                }, 
                {
                 "height":0,
                 "id":165,
                 "name":"",
                 "polygon":[
                        {
                         "x":0,
                         "y":0
                        }, 
                        {
                         "x":-50,
                         "y":0
                        }, 
                        {
                         "x":-50,
                         "y":-5
                        }, 
                        {
                         "x":0,
                         "y":-5
                        }],
                 "rotation":0,
                 "type":"WALL",
                 "visible":true,
                 "width":0,
                 "x":90,
                 "y":70
                }, 
                {
                 "height":0,
                 "id":166,
                 "name":"",
                 "polygon":[
                        {
                         "x":0,
                         "y":0
                        }, 
                        {
                         "x":0,
                         "y":-35
                        }, 
                        {
                         "x":-5,
                         "y":-30
                        }, 
                        {
                         "x":-5,
                         "y":-5
                        }],
                 "rotation":0,
                 "type":"KILL",
                 "visible":true,
                 "width":0,
                 "x":45,
                 "y":60
                }, 
                {
                 "height":0,
                 "id":168,
                 "name":"",
                 "polygon":[
                        {
                         "x":0,
                         "y":0
                        }, 
                        {
                         "x":5,
                         "y":5
                        }, 
                        {
                         "x":5,
                         "y":25
                        }, 
                        {
                         "x":0,
                         "y":30
                        }],
                 "rotation":0,
                 "type":"KILL",
                 "visible":true,
                 "width":0,
                 "x":95,
                 "y":30
                }, 
                {
                 "height":0,
                 "id":171,
                 "name":"",
                 "polygon":[
                        {
                         "x":0,
                         "y":0
                        }, 
                        {
                         "x":5,
                         "y":5
                        }, 
                        {
                         "x":15,
                         "y":5
                        }, 
                        {
                         "x":15,
                         "y":0
                        }],
                 "rotation":0,
                 "type":"WALL",
                 "visible":true,
                 "width":0,
                 "x":95,
                 "y":30
                }, 
                {
                 "height":0,
                 "id":173,
                 "name":"",
                 "polygon":[
                        {
                         "x":0,
                         "y":0
                        }, 
                        {
                         "x":0,
                         "y":20
                        }, 
                        {
                         "x":10,
                         "y":20
                        }, 
                        {
                         "x":10,
                         "y":0
                        }],
                 "rotation":0,
                 "type":"WALL",
                 "visible":true,
                 "width":0,
                 "x":100,
                 "y":35
                }, 
                {
                 "height":0,
                 "id":174,
                 "name":"",
                 "polygon":[
                        {
                         "x":0,
                         "y":0
                        }, 
                        {
                         "x":-10,
                         "y":-10
                        }, 
                        {
                         "x":-10,
                         "y":0
                        }],
                 "rotation":0,
                 "type":"WALL",
                 "visible":true,
                 "width":0,
                 "x":50,
                 "y":65
                }, 
                {
                 "height":0,
                 "id":175,
                 "name":"",
                 "polygon":[
                        {
                         "x":0,
                         "y":0
                        }, 
                        {
                         "x":-35,
                         "y":0
                        }, 
                        {
                         "x":-35,
                         "y":-5
                        }, 
                        {
                         "x":5,
                         "y":-5
                        }],
                 "rotation":0,
                 "type":"WALL",
                 "visible":true,
                 "width":0,
                 "x":40,
                 "y":30
                }, 
                {
                 "height":0,
                 "id":176,
                 "name":"",
                 "polygon":[
                        {
                         "x":0,
                         "y":0
                        }, 
                        {
                         "x":0,
                         "y":35
                        }, 
                        {
                         "x":35,
                         "y":35
                        }, 
                        {
                         "x":35,
                         "y":0
                        }],
                 "rotation":0,
                 "type":"WALL",
                 "visible":true,
                 "width":0,
                 "x":5,
                 "y":30
                }, 
                {
                 "height":0,
                 "id":178,
                 "name":"",
                 "polygon":[
                        {
                         "x":0,
                         "y":0
                        }, 
                        {
                         "x":5,
                         "y":5
                        }, 
                        {
                         "x":35,
                         "y":5
                        }, 
                        {
                         "x":35,
                         "y":0
                        }],
                 "rotation":0,
                 "type":"WALL",
                 "visible":true,
                 "width":0,
                 "x":5,
                 "y":65
                }, 
                {
                 "height":0,
                 "id":179,
                 "name":"",
                 "polygon":[
                        {
                         "x":0,
                         "y":0
                        }, 
                        {
                         "x":0,
                         "y":10
                        }, 
                        {
                         "x":10,
                         "y":10
                        }, 
                        {
                         "x":15,
                         "y":5
                        }, 
                        {
                         "x":15,
                         "y":0
                        }, 
                        {
                         "x":15,
                         "y":-5
                        }, 
                        {
                         "x":5,
                         "y":-5
                        }],
                 "rotation":0,
                 "type":"WALL",
                 "visible":true,
                 "width":0,
                 "x":95,
                 "y":60
                }, 
                {
                 "height":0,
                 "id":182,
                 "name":"",
                 "polygon":[
                        {
                         "x":0,
                         "y":0
                        }, 
                        {
                         "x":5,
                         "y":0
                        }, 
                        {
                         "x":10,
                         "y":-5
                        }, 
                        {
                         "x":5,
                         "y":-5
                        }],
                 "rotation":0,
                 "type":"WALL",
                 "visible":true,
                 "width":0,
                 "x":90,
                 "y":15
                }, 
                {
                 "height":0,
                 "id":184,
                 "name":"",
                 "polygon":[
                        {
                         "x":0,
                         "y":0
                        }, 
                        {
                         "x":-5,
                         "y":-5
                        }, 
                        {
                         "x":-5,
                         "y":10
                        }, 
                        {
                         "x":0,
                         "y":10
                        }],
                 "rotation":0,
                 "type":"WALL",
                 "visible":true,
                 "width":0,
                 "x":110,
                 "y":10
                }, 
                {
                 "height":0,
                 "id":185,
                 "name":"",
                 "polygon":[
                        {
                         "x":0,
                         "y":0
                        }, 
                        {
                         "x":-100,
                         "y":0
                        }, 
                        {
                         "x":-95,
                         "y":-5
                        }, 
                        {
                         "x":0,
                         "y":-5
                        }],
                 "rotation":0,
                 "type":"WALL",
                 "visible":true,
                 "width":0,
                 "x":105,
                 "y":10
                }, 
                {
                 "height":0,
                 "id":186,
                 "name":"",
                 "polygon":[
                        {
                         "x":0,
                         "y":0
                        }, 
                        {
                         "x":0,
                         "y":10
                        }, 
                        {
                         "x":5,
                         "y":10
                        }, 
                        {
                         "x":5,
                         "y":0
                        }],
                 "rotation":0,
                 "type":"WALL",
                 "visible":true,
                 "width":0,
                 "x":5,
                 "y":10
                }, 
                {
                 "height":0,
                 "id":187,
                 "name":"",
                 "polygon":[
                        {
                         "x":0,
                         "y":0
                        }, 
                        {
                         "x":5,
                         "y":5
                        }, 
                        {
                         "x":10,
                         "y":5
                        }, 
                        {
                         "x":5,
                         "y":0
                        }],
                 "rotation":0,
                 "type":"WALL",
                 "visible":true,
                 "width":0,
                 "x":45,
                 "y":10
                }, 
                {
                 "height":0,
                 "id":188,
                 "name":"",
                 "polygon":[
                        {
                         "x":0,
                         "y":0
                        }, 
                        {
                         "x":0,
                         "y":15
                        }, 
                        {
                         "x":5,
                         "y":10
                        }, 
                        {
                         "x":5,
                         "y":5
                        }],
                 "rotation":0,
                 "type":"WIN",
                 "visible":true,
                 "width":0,
                 "x":100,
                 "y":10
                }, 
                {
                 "height":0,
                 "id":189,
                 "name":"",
                 "polygon":[
                        {
                         "x":0,
                         "y":0
                        }, 
                        {
                         "x":35,
                         "y":0
                        }, 
                        {
                         "x":40,
                         "y":5
                        }, 
                        {
                         "x":0,
                         "y":5
                        }],
                 "rotation":0,
                 "type":"NORMAL",
                 "visible":true,
                 "width":0,
                 "x":5,
                 "y":20
                }, 
                {
                 "height":0,
                 "id":191,
                 "name":"",
                 "polygon":[
                        {
                         "x":0,
                         "y":0
                        }, 
                        {
                         "x":10,
                         "y":0
                        }, 
                        {
                         "x":5,
                         "y":5
                        }, 
                        {
                         "x":0,
                         "y":5
                        }],
                 "rotation":0,
                 "type":"JUMPER",
                 "visible":true,
                 "width":0,
                 "x":85,
                 "y":60
                }, 
                {
                 "height":0,
                 "id":194,
                 "name":"",
                 "polygon":[
                        {
                         "x":0,
                         "y":0
                        }, 
                        {
                         "x":5,
                         "y":5
                        }, 
                        {
                         "x":5,
                         "y":0
                        }],
                 "rotation":0,
                 "type":"NORMAL",
                 "visible":true,
                 "width":0,
                 "x":100,
                 "y":10
                }, 
                {
                 "height":0,
                 "id":195,
                 "name":"",
                 "polygon":[
                        {
                         "x":0,
                         "y":0
                        }, 
                        {
                         "x":-5,
                         "y":5
                        }, 
                        {
                         "x":0,
                         "y":10
                        }],
                 "rotation":0,
                 "type":"WIN",
                 "visible":true,
                 "width":0,
                 "x":100,
                 "y":10
                }],
         "opacity":1,
         "properties":
            {
             "Desc1":"it's pretty cool this level",
             "Desc2":"- but I would have done better anyway",
             "Gravity":10,
             "Name":"Cretive level name",
             "SizeX":115,
             "SizeY":75
            },
         "propertytypes":
            {
             "Desc1":"string",
             "Desc2":"string",
             "Gravity":"int",
             "Name":"string",
             "SizeX":"int",
             "SizeY":"int"
            },
         "type":"objectgroup",
         "visible":true,
         "width":0,
         "x":0,
         "y":0
        }],
 "nextobjectid":196,
 "orientation":"orthogonal",
 "renderorder":"right-down",
 "tileheight":5,
 "tilesets":[],
 "tilewidth":5,
 "version":1,
 "width":100
}