{ "height":100,
 "layers":[
        {
         "draworder":"topdown",
         "height":0,
         "name":"WORLD",
         "objects":[
                {
                 "height":0,
                 "id":17,
                 "name":"player",
                 "polygon":[
                        {
                         "x":0,
                         "y":0
                        }, 
                        {
                         "x":0,
                         "y":5
                        }, 
                        {
                         "x":5,
                         "y":5
                        }, 
                        {
                         "x":5,
                         "y":0
                        }],
                 "rotation":0,
                 "type":"RESPAWN",
                 "visible":true,
                 "width":0,
                 "x":20,
                 "y":35
                }, 
                {
                 "height":0,
                 "id":20,
                 "name":"WorldSize",
                 "polygon":[
                        {
                         "x":0,
                         "y":0
                        }, 
                        {
                         "x":0,
                         "y":5
                        }, 
                        {
                         "x":5,
                         "y":5
                        }, 
                        {
                         "x":5,
                         "y":0
                        }],
                 "rotation":0,
                 "type":"",
                 "visible":true,
                 "width":0,
                 "x":155,
                 "y":60
                }, 
                {
                 "height":0,
                 "id":197,
                 "name":"",
                 "polygon":[
                        {
                         "x":-5,
                         "y":0
                        }, 
                        {
                         "x":0,
                         "y":-5
                        }, 
                        {
                         "x":135,
                         "y":-5
                        }, 
                        {
                         "x":140,
                         "y":0
                        }],
                 "rotation":0,
                 "type":"NORMAL",
                 "visible":true,
                 "width":0,
                 "x":10,
                 "y":10
                }, 
                {
                 "height":0,
                 "id":199,
                 "name":"",
                 "polygon":[
                        {
                         "x":-5,
                         "y":-5
                        }, 
                        {
                         "x":-5,
                         "y":35
                        }, 
                        {
                         "x":5,
                         "y":35
                        }, 
                        {
                         "x":5,
                         "y":-5
                        }],
                 "rotation":0,
                 "type":"WALL",
                 "visible":true,
                 "width":0,
                 "x":10,
                 "y":15
                }, 
                {
                 "height":0,
                 "id":200,
                 "name":"",
                 "polygon":[
                        {
                         "x":0,
                         "y":-5
                        }, 
                        {
                         "x":0,
                         "y":35
                        }, 
                        {
                         "x":-5,
                         "y":35
                        }, 
                        {
                         "x":-5,
                         "y":-5
                        }],
                 "rotation":0,
                 "type":"WALL",
                 "visible":true,
                 "width":0,
                 "x":150,
                 "y":15
                }, 
                {
                 "height":0,
                 "id":202,
                 "name":"",
                 "polygon":[
                        {
                         "x":0,
                         "y":0
                        }, 
                        {
                         "x":15,
                         "y":0
                        }, 
                        {
                         "x":20,
                         "y":5
                        }, 
                        {
                         "x":0,
                         "y":5
                        }],
                 "rotation":0,
                 "type":"NORMAL",
                 "visible":true,
                 "width":0,
                 "x":15,
                 "y":45
                }, 
                {
                 "height":0,
                 "id":203,
                 "name":"",
                 "polygon":[
                        {
                         "x":0,
                         "y":0
                        }, 
                        {
                         "x":20,
                         "y":0
                        }, 
                        {
                         "x":15,
                         "y":5
                        }, 
                        {
                         "x":5,
                         "y":5
                        }],
                 "rotation":0,
                 "type":"JUMPER",
                 "visible":true,
                 "width":0,
                 "x":30,
                 "y":45
                }, 
                {
                 "height":0,
                 "id":204,
                 "name":"",
                 "polygon":[
                        {
                         "x":0,
                         "y":0
                        }, 
                        {
                         "x":-5,
                         "y":5
                        }, 
                        {
                         "x":25,
                         "y":5
                        }, 
                        {
                         "x":20,
                         "y":0
                        }],
                 "rotation":0,
                 "type":"JUMPER",
                 "visible":true,
                 "width":0,
                 "x":55,
                 "y":10
                }, 
                {
                 "height":0,
                 "id":205,
                 "name":"",
                 "polygon":[
                        {
                         "x":5,
                         "y":0
                        }, 
                        {
                         "x":10,
                         "y":5
                        }, 
                        {
                         "x":25,
                         "y":5
                        }, 
                        {
                         "x":30,
                         "y":0
                        }],
                 "rotation":0,
                 "type":"JUMPER",
                 "visible":true,
                 "width":0,
                 "x":75,
                 "y":45
                }, 
                {
                 "height":0,
                 "id":206,
                 "name":"",
                 "polygon":[
                        {
                         "x":0,
                         "y":0
                        }, 
                        {
                         "x":20,
                         "y":0
                        }, 
                        {
                         "x":15,
                         "y":-5
                        }, 
                        {
                         "x":5,
                         "y":-5
                        }],
                 "rotation":0,
                 "type":"JUMPER",
                 "visible":true,
                 "width":0,
                 "x":105,
                 "y":15
                }, 
                {
                 "height":0,
                 "id":207,
                 "name":"",
                 "polygon":[
                        {
                         "x":0,
                         "y":0
                        }, 
                        {
                         "x":-10,
                         "y":0
                        }, 
                        {
                         "x":-15,
                         "y":5
                        }, 
                        {
                         "x":0,
                         "y":5
                        }],
                 "rotation":0,
                 "type":"NORMAL",
                 "visible":true,
                 "width":0,
                 "x":145,
                 "y":45
                }, 
                {
                 "height":0,
                 "id":208,
                 "name":"",
                 "polygon":[
                        {
                         "x":-5,
                         "y":0
                        }, 
                        {
                         "x":0,
                         "y":5
                        }, 
                        {
                         "x":135,
                         "y":5
                        }, 
                        {
                         "x":140,
                         "y":0
                        }],
                 "rotation":0,
                 "type":"NORMAL",
                 "visible":true,
                 "width":0,
                 "x":10,
                 "y":50
                }, 
                {
                 "height":0,
                 "id":210,
                 "name":"",
                 "polygon":[
                        {
                         "x":0,
                         "y":0
                        }, 
                        {
                         "x":5,
                         "y":-5
                        }, 
                        {
                         "x":0,
                         "y":-5
                        }],
                 "rotation":0,
                 "type":"NORMAL",
                 "visible":true,
                 "width":0,
                 "x":15,
                 "y":15
                }, 
                {
                 "height":0,
                 "id":212,
                 "name":"",
                 "polygon":[
                        {
                         "x":0,
                         "y":0
                        }, 
                        {
                         "x":5,
                         "y":5
                        }, 
                        {
                         "x":-5,
                         "y":5
                        }],
                 "rotation":0,
                 "type":"NORMAL",
                 "visible":true,
                 "width":0,
                 "x":105,
                 "y":45
                }, 
                {
                 "height":0,
                 "id":213,
                 "name":"",
                 "polygon":[
                        {
                         "x":0,
                         "y":0
                        }, 
                        {
                         "x":-5,
                         "y":5
                        }, 
                        {
                         "x":5,
                         "y":5
                        }],
                 "rotation":0,
                 "type":"NORMAL",
                 "visible":true,
                 "width":0,
                 "x":80,
                 "y":45
                }, 
                {
                 "height":0,
                 "id":214,
                 "name":"",
                 "polygon":[
                        {
                         "x":0,
                         "y":0
                        }, 
                        {
                         "x":5,
                         "y":-5
                        }, 
                        {
                         "x":-5,
                         "y":-5
                        }],
                 "rotation":0,
                 "type":"NORMAL",
                 "visible":true,
                 "width":0,
                 "x":80,
                 "y":15
                }, 
                {
                 "height":0,
                 "id":215,
                 "name":"",
                 "polygon":[
                        {
                         "x":0,
                         "y":0
                        }, 
                        {
                         "x":-5,
                         "y":-5
                        }, 
                        {
                         "x":5,
                         "y":-5
                        }],
                 "rotation":0,
                 "type":"NORMAL",
                 "visible":true,
                 "width":0,
                 "x":105,
                 "y":15
                }, 
                {
                 "height":0,
                 "id":216,
                 "name":"",
                 "polygon":[
                        {
                         "x":0,
                         "y":0
                        }, 
                        {
                         "x":-5,
                         "y":-5
                        }, 
                        {
                         "x":5,
                         "y":-5
                        }],
                 "rotation":0,
                 "type":"NORMAL",
                 "visible":true,
                 "width":0,
                 "x":50,
                 "y":15
                }, 
                {
                 "height":0,
                 "id":217,
                 "name":"",
                 "polygon":[
                        {
                         "x":0,
                         "y":0
                        }, 
                        {
                         "x":5,
                         "y":-5
                        }, 
                        {
                         "x":-5,
                         "y":-5
                        }],
                 "rotation":0,
                 "type":"NORMAL",
                 "visible":true,
                 "width":0,
                 "x":125,
                 "y":15
                }, 
                {
                 "height":0,
                 "id":218,
                 "name":"",
                 "polygon":[
                        {
                         "x":0,
                         "y":0
                        }, 
                        {
                         "x":5,
                         "y":5
                        }, 
                        {
                         "x":10,
                         "y":5
                        }, 
                        {
                         "x":10,
                         "y":0
                        }],
                 "rotation":0,
                 "type":"WALL",
                 "visible":true,
                 "width":0,
                 "x":135,
                 "y":10
                }, 
                {
                 "height":0,
                 "id":220,
                 "name":"",
                 "polygon":[
                        {
                         "x":0,
                         "y":0
                        }, 
                        {
                         "x":5,
                         "y":5
                        }, 
                        {
                         "x":5,
                         "y":-10
                        }, 
                        {
                         "x":0,
                         "y":-10
                        }],
                 "rotation":0,
                 "type":"WALL",
                 "visible":true,
                 "width":0,
                 "x":140,
                 "y":25
                }, 
                {
                 "height":0,
                 "id":222,
                 "name":"",
                 "polygon":[
                        {
                         "x":0,
                         "y":0
                        }, 
                        {
                         "x":5,
                         "y":5
                        }, 
                        {
                         "x":-5,
                         "y":5
                        }],
                 "rotation":0,
                 "type":"NORMAL",
                 "visible":true,
                 "width":0,
                 "x":50,
                 "y":45
                }, 
                {
                 "height":0,
                 "id":224,
                 "name":"",
                 "polygon":[
                        {
                         "x":0,
                         "y":0
                        }, 
                        {
                         "x":30,
                         "y":0
                        }, 
                        {
                         "x":25,
                         "y":5
                        }, 
                        {
                         "x":5,
                         "y":5
                        }],
                 "rotation":0,
                 "type":"KILL",
                 "visible":true,
                 "width":0,
                 "x":50,
                 "y":45
                }, 
                {
                 "height":0,
                 "id":225,
                 "name":"",
                 "polygon":[
                        {
                         "x":0,
                         "y":0
                        }, 
                        {
                         "x":5,
                         "y":5
                        }, 
                        {
                         "x":25,
                         "y":5
                        }, 
                        {
                         "x":30,
                         "y":0
                        }],
                 "rotation":0,
                 "type":"KILL",
                 "visible":true,
                 "width":0,
                 "x":105,
                 "y":45
                }, 
                {
                 "height":0,
                 "id":226,
                 "name":"",
                 "polygon":[
                        {
                         "x":0,
                         "y":0
                        }, 
                        {
                         "x":15,
                         "y":0
                        }, 
                        {
                         "x":10,
                         "y":-5
                        }, 
                        {
                         "x":5,
                         "y":-5
                        }],
                 "rotation":0,
                 "type":"KILL",
                 "visible":true,
                 "width":0,
                 "x":125,
                 "y":15
                }, 
                {
                 "height":0,
                 "id":227,
                 "name":"",
                 "polygon":[
                        {
                         "x":0,
                         "y":0
                        }, 
                        {
                         "x":5,
                         "y":-5
                        }, 
                        {
                         "x":20,
                         "y":-5
                        }, 
                        {
                         "x":25,
                         "y":0
                        }],
                 "rotation":0,
                 "type":"KILL",
                 "visible":true,
                 "width":0,
                 "x":80,
                 "y":15
                }, 
                {
                 "height":0,
                 "id":228,
                 "name":"",
                 "polygon":[
                        {
                         "x":0,
                         "y":0
                        }, 
                        {
                         "x":5,
                         "y":-5
                        }, 
                        {
                         "x":30,
                         "y":-5
                        }, 
                        {
                         "x":35,
                         "y":0
                        }],
                 "rotation":0,
                 "type":"KILL",
                 "visible":true,
                 "width":0,
                 "x":15,
                 "y":15
                }, 
                {
                 "height":0,
                 "id":229,
                 "name":"",
                 "polygon":[
                        {
                         "x":0,
                         "y":0
                        }, 
                        {
                         "x":5,
                         "y":-5
                        }, 
                        {
                         "x":5,
                         "y":0
                        }],
                 "rotation":0,
                 "type":"NORMAL",
                 "visible":true,
                 "width":0,
                 "x":140,
                 "y":45
                }, 
                {
                 "height":0,
                 "id":230,
                 "name":"",
                 "polygon":[
                        {
                         "x":0,
                         "y":0
                        }, 
                        {
                         "x":0,
                         "y":20
                        }, 
                        {
                         "x":5,
                         "y":15
                        }, 
                        {
                         "x":5,
                         "y":5
                        }],
                 "rotation":0,
                 "type":"WIN",
                 "visible":true,
                 "width":0,
                 "x":140,
                 "y":25
                }],
         "opacity":1,
         "properties":
            {
             "Desc1":"what is it supposed to be?",
             "Desc2":"",
             "Gravity":10,
             "Name":"trampoline park",
             "SizeX":155,
             "SizeY":60
            },
         "propertytypes":
            {
             "Desc1":"string",
             "Desc2":"string",
             "Gravity":"int",
             "Name":"string",
             "SizeX":"int",
             "SizeY":"int"
            },
         "type":"objectgroup",
         "visible":true,
         "width":0,
         "x":0,
         "y":0
        }],
 "nextobjectid":231,
 "orientation":"orthogonal",
 "renderorder":"right-down",
 "tileheight":5,
 "tilesets":[],
 "tilewidth":5,
 "version":1,
 "width":100
}